No	도메인	분류	서비스명	플랫폼	기능 그룹	기능	설명
1	커머스	쇼핑	쿠팡	앱	상품 조회	카테고리별 상품 목록 조회하기	유형 카테고리별로 분류된 상품 리스트 조회
2	커머스	쇼핑	쿠팡	앱	상품 조회	테마별 상품 목록 조회하기	사용자 특성에 맞는 테마별로 분류된 상품 리스트 조회
3	커머스	쇼핑	쿠팡	앱	상품 조회	배송 종류별 상품 목록 조회하기	새벽, 당일, 해외 배송별로 분류된 상품 리스트 조회
4	커머스	쇼핑	쿠팡	앱	상품 조회	이벤트 상품 목록 조회하기	진행 중인 이벤트 상품 리스트 조회
5	커머스	쇼핑	쿠팡	앱	상품 조회	상품 필터링하기	사용자가 원하는 옵션이 포함된 상품 리스트 조회
6	커머스	쇼핑	쿠팡	앱	상품 조회	상품 상세 정보 조회하기	상품 상세 정보 조회
7	커머스	쇼핑	쿠팡	앱	상품 조회	상품 공유하기	상품 상세 정보 링크를 공유
8	커머스	쇼핑	쿠팡	앱	상품 조회	상품 검색하기	키워드를 상품명에 포함하는 상품 리스트 조회
9	커머스	쇼핑	쿠팡	앱	상품 조회	최근 상품 검색어 조회하기	검색 창에서 사용자가 검색한 검색어 조회
10	커머스	쇼핑	쿠팡	앱	상품 조회	최근 상품 검색어 삭제하기	검색 창에서 사용자가 검색한 검색어 삭제
11	커머스	쇼핑	쿠팡	앱	상품 추천	상품 검색 시 배송 종류별 상품 추천하기	검색 창에서 당일, 새벽 배송이 가능한 검색어 추천
12	커머스	쇼핑	쿠팡	앱	상품 추천	상품 검색 시 고객과 연관된 상품 추천하기	검색 창에서 사용자의 최근 검색, 구매내역과 연관된 인기 검색어 추천
13	커머스	쇼핑	쿠팡	앱	상품 추천	최근 조회 상품과 유사한 상품 추천하기	사용자의 최근 조회 상품과 유사한 상품 리스트를 추천
14	커머스	쇼핑	쿠팡	앱	상품 추천	구매 경험이 있는 상품과 유사 브랜드 추천 상품 조회하기	구매 경험이 있는 상품과 유사 브랜드 상품 리스트 조회
15	커머스	쇼핑	쿠팡	앱	상품 추천	시즌, 타임별 특가 상품 추천하기	시즌, 타임별 특가 상품 리스트를 추천
16	커머스	쇼핑	쿠팡	앱	상품 추천	새벽 배송 상품 추천하기	새벽 배송 상품 리스트를 추천
17	커머스	쇼핑	쿠팡	앱	상품 추천	인기 상품 추천하기	인기 상품 리스트를 추천
18	커머스	쇼핑	쿠팡	앱	상품 추천	구매 경험이 있는 상품 추천하기	사용자의 구매 경험이 있는 상품 리스트를 추천
19	커머스	쇼핑	쿠팡	앱	상품 추천	구매 경험이 있는 상품과 유사한 상품 추천하기	사용자의 구매 경험이 있는 상품과 유사 상품 리스트를 추천
20	커머스	쇼핑	쿠팡	앱	라이브 커머스	실시간 라이브 커머스 방송 시청하기	스트리밍 서비스를 이용해 실시간 라이브 커머스 방송 시청
21	커머스	쇼핑	쿠팡	앱	라이브 커머스	VOD 라이브 커머스 방송 시청하기	녹화된 VOD 라이브 커머스 방송 시청
22	커머스	쇼핑	쿠팡	앱	라이브 커머스	라이브 방송 숏츠 시청하기	편집된 라이브 커머스 숏츠 시청
23	커머스	쇼핑	쿠팡	앱	라이브 커머스	제스쳐를 통해 다음 라이브 커머스 방송 시청하기	위로 스와이프하는 제스쳐를 통해 다음 실시간, VOD, 숏츠 라이브 커머스 시청
24	커머스	쇼핑	쿠팡	앱	라이브 커머스	실시간 라이브 커머스 방송에 댓글 쓰기	실시간 라이브 커머스 방송에 댓글 작성
25	커머스	쇼핑	쿠팡	앱	라이브 커머스	라이브 커머스 방송에 좋아요 평가하기	실시간, VOD, 숏츠 라이브 커머스에 좋아요 평가
26	커머스	쇼핑	쿠팡	앱	라이브 커머스	라이브 공유하기	실시간, VOD, 숏츠 라이브 커머스 방송 링크 공유
27	커머스	쇼핑	쿠팡	앱	라이브 커머스	예정 라이브 방송 목록 조회하기	방송 예정 라이브 커머스 리스트 조회
28	커머스	쇼핑	쿠팡	앱	라이브 커머스	예정 라이브 방송 알림 신청하기	방송 예정 라이브 커머스 알림 신청
29	커머스	쇼핑	쿠팡	앱	상품 보관	상품 찜하기 	하트 버튼을 눌러 상품 찜하기
30	커머스	쇼핑	쿠팡	앱	상품 보관	상품 찜 취소하기	하트 버튼을 다시 눌러 상품 찜 취소
31	커머스	쇼핑	쿠팡	앱	상품 보관	찜한 상품 조회하기	찜한 상품 리스트 조회
32	커머스	쇼핑	쿠팡	앱	주문	상품 장바구니 넣기	장바구니 버튼을 눌러 상품 장바구니 넣기
33	커머스	쇼핑	쿠팡	앱	주문	상품 장바구니 빼기	엑스 버튼을 눌러 상품 장바구니 빼기
34	커머스	쇼핑	쿠팡	앱	주문	상품 옵션 수정하기	장바구니에서 상품 옵션 수정하기
35	커머스	쇼핑	쿠팡	앱	주문	상품 주문하기	상품 주문하기 버튼을 눌러 상품 주문
36	커머스	쇼핑	쿠팡	앱	주문	상품 주문 취소하기	주문 취소 버튼을 눌러 상품 주문 취소
37	커머스	쇼핑	쿠팡	앱	주문	주문 목록 조회하기	사용자가 주문했던 상품 리스트를 조회
38	커머스	쇼핑	쿠팡	앱	주문	주문 목록 삭제하기	사용자가 주문했던 주문 내역을 삭제
39	커머스	쇼핑	쿠팡	앱	주문	영수증 조회하기	사용자가 주문했던 주문 내역의 영수증 조회
40	커머스	쇼핑	쿠팡	앱	주문	교환, 반품 신청하기	사용자가 주문했던 상품, 교환, 반품 사유, 해결방법을 선택하여 교환, 반품 신청
41	커머스	쇼핑	쿠팡	앱	주문	취소, 반품, 교환 목록 조회하기	사용자가 취소, 반품, 교환했던 상품 리스트를 조회
42	커머스	쇼핑	쿠팡	앱	주문	카카오톡으로 선물 보내기	선택한 상품을 상대방 카카오톡 정보를 입력하여 선물 발송
43	커머스	쇼핑	쿠팡	앱	주문	SMS로 선물 보내기	선택한 상품을 상대방 SMS 정보를 입력하여 선물 발송
44	커머스	쇼핑	쿠팡	앱	주문	받은 선물 목록 조회하기	받은 선물 목록 조회
45	커머스	쇼핑	쿠팡	앱	주문	보낸 선물 목록 조회하기	보낸 선물 목록 조회
46	커머스	쇼핑	쿠팡	앱	주문	은행 계좌 인증하기	사용자가 입력한 은행과 계좌번호과 사용자의 실명과 일치하는지 확인
47	커머스	쇼핑	쿠팡	앱	결제	은행 계좌 결제 수단 등록하기	인증이 완료된 은행계좌를 결제 수단으로 등록
48	커머스	쇼핑	쿠팡	앱	결제	신용/체크 카드 스캔하기	카메라가 실행되며, 사각형 영역에 카드를 맞추면 카드 번호와 유효기간, CVC 번호를 자동 입력
49	커머스	쇼핑	쿠팡	앱	결제	신용/체크 카드 정보 입력하기 	사용자가 직접 카드 정보를 입력하거나 스캔된 카드 정보를 수정
50	커머스	쇼핑	쿠팡	앱	결제	신용/체크 카드 결제 수단 등록하기	입력한 정보의 카드를 결제 수단으로 등록
51	커머스	쇼핑	쿠팡	앱	결제	앱 카드로 결제 수단 등록하기	사용자가 선택한 카드사 페이지로 연결되어 해당 카드를 결제 수단으로 등록
52	커머스	쇼핑	쿠팡	앱	결제	등록된 정보로 디지털 머니 충전하기	사용자가 입력한 금액과 등록한 계좌로 디지털 머니 충전
53	커머스	쇼핑	쿠팡	앱	결제	가상 계좌 발급하기	사용자가 주문한 금액과 선택한 은행으로 가상 계좌번호를 발급
54	커머스	쇼핑	쿠팡	앱	결제	무통장 입금으로 디지털 머니 충전하기	가상 계좌로 사용자가 입력한 금액 입금 확인 시 디지털 머니 충전
55	커머스	쇼핑	쿠팡	앱	결제	디지털 머니 자동 충전하기	사용자가 최저 잔액 한도와 충전 금액을 설정 시 등록된 계좌로 디지털 머니 충전
56	커머스	쇼핑	쿠팡	앱	결제	디지털 머니 결제하기	결제 시 디지털머니 잔액으로 결제
57	커머스	쇼핑	쿠팡	앱	결제	등록된 은행 계좌 정보로 결제하기	결제 시 등록된 은행 계좌로 결제
58	커머스	쇼핑	쿠팡	앱	결제	등록된 신용/체크카드 결제하기	결제 시 등록된 신용/체크 카드로 결제
59	커머스	쇼핑	쿠팡	앱	결제	휴대폰 일반 결제 승인번호 요청하기	휴대폰 결제를 위한 결제 정보 입력 후 승인번호 요청
60	커머스	쇼핑	쿠팡	앱	결제	휴대폰 소액결제 비밀번호를 입력하여 승인번호 요청하기	휴대폰 결제를 위한 결제 정보와 소액결제 비밀번호 입력 후 승인번호 요청
61	커머스	쇼핑	쿠팡	앱	결제	휴대폰 결제하기	휴대폰 승인번호 확인이 완료된 휴대폰 결제
62	커머스	쇼핑	쿠팡	앱	결제	포인트 결제하기	사용자가 보유한 포인트를 사용자가 입력한 금액만큼 차감하여 결제
63	커머스	쇼핑	쿠팡	앱	결제	현금영수증 신청하기	현금 결제 시 사용자가 현금영수증 등록 번호를 입력하여 신청
64	커머스	쇼핑	쿠팡	앱	결제	제휴 포인트 조회하기	연관된 제휴 업체의 포인트를 조회
65	커머스	쇼핑	쿠팡	앱	결제	제휴 포인트 전환하기	연관된 제휴 업체의 포인트를 사용 가능한 포인트로 전환
66	커머스	쇼핑	쿠팡	앱	결제	기프트카드 등록하기	등록번호를 입력하여 기프트카드 등록
67	커머스	쇼핑	쿠팡	앱	결제	기프트카드 목록 조회하기	등록했거나 발송했던 기프트카드 리스트를 조회
68	커머스	쇼핑	쿠팡	앱	결제	할인 쿠폰 등록하기	할인쿠폰 번호를 등록하여 할인쿠폰 등록
69	커머스	쇼핑	쿠팡	앱	결제	할인 쿠폰 목록 조회하기	등록했거나 발급 받은 할인 쿠폰 리스트를 조회
70	커머스	쇼핑	쿠팡	앱	결제	할인 쿠폰 적용하기	사용자가 보유한 할인쿠폰을 선택 적용하여 결제
71	커머스	쇼핑	쿠팡	앱	이벤트	이벤트 쿠폰 다운로드 하기	이벤트 쿠폰 다운로드
72	커머스	쇼핑	쿠팡	앱	이벤트	리워드 금액 확인하기	상품 링크 공유 후 타 사용자가 해당 구매 시 받는 리워드 금액 확인하기
73	커머스	쇼핑	쿠팡	앱	체험단	체험단 상품 조회하기	체험단에 선정된 경우 체험 가능한 상품 리스트 조회
74	커머스	쇼핑	쿠팡	앱	체험단	체험단 상품 신청하기	체험단에 선정된 경우 체험 가능한 상품 신청
75	커머스	쇼핑	쿠팡	앱	체험단	체험단 상품 리뷰쓰기	체험단에 선정되어 체험단 상품을 신청한 경우 해당 상품에 대한 리뷰 작성
76	커머스	쇼핑	쿠팡	앱	배송 관리	배송 정보 추가하기	배송 정보 추가
77	커머스	쇼핑	쿠팡	앱	배송 관리	배송 정보 수정하기	배송 정보 수정
78	커머스	쇼핑	쿠팡	앱	배송 관리	배송 정보 삭제하기	배송 정보 삭제
79	커머스	쇼핑	쿠팡	앱	배송 관리	정기 배송 신청하기	정기 배송 신청
80	커머스	쇼핑	쿠팡	앱	배송 관리	정기 배송 정보 변경하기	정기 배송 정보 수정
81	커머스	쇼핑	쿠팡	앱	배송 관리	정기 배송 삭제하기	정기 배송 삭제
82	커머스	쇼핑	쿠팡	앱	배송 관리	배송 상태 조회하기	배송 상태 조회
83	커머스	쇼핑	쿠팡	앱	리뷰 관리	구매 상품 별점 작성하기	구매 상품 별점 작성
84	커머스	쇼핑	쿠팡	앱	리뷰 관리	구매 상품 리뷰 작성하기	구매 상품 리뷰 작성
85	커머스	쇼핑	쿠팡	앱	리뷰 관리	구매 상품 리뷰 사진 촬영하기	구매 상품 리뷰 사진 촬영
86	커머스	쇼핑	쿠팡	앱	리뷰 관리	구매 상품 리뷰 사진 첨부하기	구매 상품 리뷰 사진 첨부
87	커머스	쇼핑	쿠팡	앱	리뷰 관리	나의 리뷰 조회하기	사용자가 작성했던 리뷰 리스트 조회
88	커머스	쇼핑	쿠팡	앱	리뷰 관리	상품 리뷰 조회하기	상품에 대해 작성된 리뷰 리스트 조회
89	커머스	쇼핑	쿠팡	앱	리뷰 관리	베스트 상품평 조회하기	베스트 상품평 리스트 조회
90	커머스	쇼핑	쿠팡	앱	리뷰 관리	리뷰어 랭킹 조회하기	리뷰어 랭킹 리스트 조회
91	커머스	쇼핑	쿠팡	앱	리뷰 관리	상품 리뷰 신고하기	신고 사유를 선택 및 작성하여 상품 리뷰 신고
92	커머스	쇼핑	쿠팡	앱	리뷰 관리	상품 리뷰 평가하기	상품 리뷰에 대해 도움이 돼요, 도움 안돼요를 통해 평가
93	커머스	쇼핑	쿠팡	앱	고객 지원	배송 완료 후 고객만족도 평가하기	배송 완료 후 고객만족도 좋아요, 싫어요 표시하기
94	커머스	쇼핑	쿠팡	앱	고객 지원	상품 문의하기	선택한 상품과 문의 유형을 선택하여 문의 작성
95	커머스	쇼핑	쿠팡	앱	고객 지원	상품 문의 내역 조회	상품에 대해 작성된 문의 리스트 조회
96	커머스	쇼핑	쿠팡	앱	고객 지원	상품 문의 내역 삭제	작성한 문의 내역 삭제
97	커머스	쇼핑	쿠팡	앱	고객 지원	1:1 채팅 상담하기	1:1 채팅 상담
98	커머스	쇼핑	쿠팡	앱	고객 지원	전화 상담하기	사용자 기기에 고객 상담 전화 번호를 연결
99	커머스	쇼핑	쿠팡	앱	고객 지원	고객의 소리 남기기	고객의 소리 작성
100	커머스	쇼핑	쿠팡	앱	고객 지원	1:1 채팅 상담 내역 조회하기	1:1 채팅 상담 내역 조회
101	커머스	쇼핑	쿠팡	앱	고객 지원	A/S 신청하기	A/S 가능한 상품을 주문했을 경우 해당 상품과 증상, 방문일을 입력하여 A/S 신청
102	커머스	쇼핑	쿠팡	앱	고객 지원	공지사항 조회하기	공지사항 리스트 조회
103	커머스	쇼핑	쿠팡	앱	고객 지원	FAQ 조회하기	FAQ(자주묻는질문) 리스트 조회
104	커머스	쇼핑	쿠팡	앱	고객 지원	FAQ 검색하기	키워드를 FAQ에 포함하는 FAQ 리스트 조회
105	커머스	쇼핑	쿠팡	앱	Auth	사업자 회원가입 하기	요구된 정보를 입력하여 사업자 회원가입
106	커머스	쇼핑	쿠팡	앱	Auth	개인 회원가입 하기	요구된 정보를 입력하여 개인 회원가입
107	커머스	쇼핑	쿠팡	앱	Auth	가입/이용 약관 동의하기	가입/이용을 위한 약관 조회 및 동의
108	커머스	쇼핑	쿠팡	앱	Auth	휴대폰 본인인증 하기	입력한 휴대폰으로 인증 번호을 받아 휴대폰 인증하기
109	커머스	쇼핑	쿠팡	앱	Auth	이메일 인증하기	입력한 이메일로 인증 메일을 받아 이메일 인증하기
110	커머스	쇼핑	쿠팡	앱	Auth	이메일 로그인하기	등록된 이메일과 비밀번호를 입력하여 로그인
111	커머스	쇼핑	쿠팡	앱	Auth	휴대폰번호 로그인하기	등록된 휴대폰 번호와 비밀번호를 입력하여 로그인
112	커머스	쇼핑	쿠팡	앱	Auth	아이디 찾기	휴대폰 본인인증을 완료 후 아이디 조회
113	커머스	쇼핑	쿠팡	앱	Auth	이메일로 비밀번호 재설정 링크 발송	인증된 이메일로 비밀번호 재설정 링크 받기
114	커머스	쇼핑	쿠팡	앱	Auth	이메일 인증을 통해 비밀번호 재설정	새로운 비밀번호를 입력하여 비밀번호 수정
115	커머스	쇼핑	쿠팡	앱	Auth	휴대폰 인증을 통해 비밀번호 재설정	휴대폰 인증을 통해 비밀번호 재설정
116	커머스	쇼핑	쿠팡	앱	Auth	이름 정보 수정하기	회원 정보 수정에서 휴대폰 인증 완료 후 이름 정보 수정
117	커머스	쇼핑	쿠팡	앱	Auth	이메일 정보 수정하기	회원 정보 수정에서 이메일 인증 완료 후 이메일 정보 수정
118	커머스	쇼핑	쿠팡	앱	Auth	휴대폰 번호 수정하기	회원 정보 수정에서 휴대폰 인증 완료 후 휴대폰 정보 수정
119	커머스	쇼핑	쿠팡	앱	Auth	비밀번호 변경하기	회원 정보 수정에서 비밀번호 변경
120	커머스	쇼핑	쿠팡	앱	Auth	로그아웃 하기	로그아웃
121	커머스	쇼핑	쿠팡	앱	Auth	탈퇴 유의사항 동의하기	탈퇴 유의사항에 대한 내용 조회 및 동의하기
122	커머스	쇼핑	쿠팡	앱	Auth	탈퇴하기	비밀번호를 입력 후 회원 탈퇴
123	커머스	쇼핑	쿠팡	앱	계정관리	계정으로 로그인 했던 환경 조회하기	계정으로 로그인 했던 환경 조회
124	커머스	쇼핑	쿠팡	앱	계정관리	개인통관고유번호 등록하기	해외 배송을 위한 개인통관고유번호 등록
125	커머스	쇼핑	쿠팡	앱	계정관리	개인통관고유번호 변경하기	해외 배송을 위한 개인통관고유번호 변경
126	커머스	쇼핑	쿠팡	앱	계정관리	개인통관고유번호 발급 링크 연결하기	해외 배송을 위한 개인통관고유번호 발급가능한 관세청 링크 연결
127	커머스	쇼핑	쿠팡	앱	계정관리	임시 저장된 이미지 삭제하기	임시 저장된 이미지 캐시 삭제하여 저장 공간 확보
128	커머스	쇼핑	쿠팡	앱	계정관리	프로필 사진 등록하기	프로필 사진 등록
129	커머스	쇼핑	쿠팡	앱	계정관리	프로필 사진 변경하기	프로필 사진 변경
130	커머스	쇼핑	쿠팡	앱	계정관리	프로필 사진 삭제하기	프로필 사진 삭제
131	커머스	쇼핑	쿠팡	앱	계정관리	멤버십 가입하기	정기 결제 멤버십 가입
132	커머스	쇼핑	쿠팡	앱	계정관리	멤버십 결제하기	정기 결제 멤버십 결제
133	커머스	쇼핑	쿠팡	앱	계정관리	멤버십 해지하기	정기 결제 멤버십 해지
134	커머스	쇼핑	쿠팡	앱	계정관리	멤버십 혜택 조회하기	정기 결제 멤버십 혜택 리스트 조회
135	커머스	쇼핑	쿠팡	앱	알림 설정	주문 관련 push 알림 켜기	주문 관련 push 알림 켜기
136	커머스	쇼핑	쿠팡	앱	알림 설정	주문 관련 push 알림 끄기	주문 관련 push 알림 끄기
137	커머스	쇼핑	쿠팡	앱	알림 설정	배송 관련 push 알림 켜기	배송 관련 push 알림 켜기
138	커머스	쇼핑	쿠팡	앱	알림 설정	배송 관련 push 알림 끄기	배송 관련 push 알림 끄기
139	커머스	쇼핑	쿠팡	앱	알림 설정	재입고 관련 push 알림 켜기	재입고 관련 push 알림 켜기
140	커머스	쇼핑	쿠팡	앱	알림 설정	재입고 관련 push 알림 끄기	재입고 관련 push 알림 끄기
141	커머스	쇼핑	쿠팡	앱	알림 설정	리뷰 관련 push 알림 켜기	리뷰 관련 push 알림 켜기
142	커머스	쇼핑	쿠팡	앱	알림 설정	리뷰 관련 push 알림 끄기	리뷰 관련 push 알림 끄기
143	커머스	쇼핑	쿠팡	앱	알림 설정	고객센터 관련 push 알림 켜기	고객센터 관련 push 알림 켜기
144	커머스	쇼핑	쿠팡	앱	알림 설정	고객센터 관련 push 알림 끄기	고객센터 관련 push 알림 끄기
145	커머스	쇼핑	쿠팡	앱	알림 설정	판매자샵 관련 push 알림 켜기	판매자샵 관련 push 알림 켜기
146	커머스	쇼핑	쿠팡	앱	알림 설정	판매자샵 관련 push 알림 끄기	판매자샵 관련 push 알림 끄기
147	커머스	쇼핑	쿠팡	앱	알림 설정	광고 관련 push 알림 켜기	광고 관련 push 알림 켜기
148	커머스	쇼핑	쿠팡	앱	알림 설정	광고 관련 push 알림 켜기	광고 관련 push 알림 켜기
149	커머스	쇼핑	11번가	앱	상품 조회	카테고리별 상품 목록 조회하기	유형 카테고리별로 분류된 상품 리스트 조회
150	커머스	쇼핑	11번가	앱	상품 조회	브랜드별 상품 목록 조회하기	브랜드별로 분류된 상품 리스트 조회
151	커머스	쇼핑	11번가	앱	상품 조회	상품 필터링하기	사용자가 원하는 옵션으로 분류된 상품 리스트 조회
152	커머스	쇼핑	11번가	앱	상품 조회	상품 상세 정보 조회하기	상품 상세 정보 조회
153	커머스	쇼핑	11번가	앱	상품 조회	상품 공유하기	상품 상세 정보 링크를 공유
154	커머스	쇼핑	11번가	앱	상품 조회	상품 숏츠 조회하기	상품 상세 정보 영상 숏츠 조회
155	커머스	쇼핑	11번가	앱	상품 조회	상품 숏츠 공유하기	상품 상세 정보 영상 숏츠 링크를 공유
156	커머스	쇼핑	11번가	앱	상품 조회	상품 숏츠 좋아요 평가하기	상품 상세 정보 영상 숏츠 좋아요 평가
157	커머스	쇼핑	11번가	앱	상품 조회	상품 숏츠 댓글 쓰기	상품 상세 정보 영상 숏츠 댓글 쓰기
158	커머스	쇼핑	11번가	앱	상품 조회	상품 검색하기	키워드를 상품명에 포함하는 상품 리스트 조회
159	커머스	쇼핑	11번가	앱	상품 조회	상품 검색 시 최근 검색어 조회하기	검색 창에서 사용자가 검색한 검색어 조회
160	커머스	쇼핑	11번가	앱	상품 조회	상품 검색 시 최근 검색어 삭제하기	검색 창에서 사용자가 검색한 검색어 삭제
161	커머스	쇼핑	11번가	앱	상품 조회	상품 검색 시 최근 조회 상품 조회하기	검색 창에서 사용자가 조회한 상품 리스트 조회
162	커머스	쇼핑	11번가	앱	상품 조회	실시간 쇼핑 검색어 조회하기	실시간으로 업데이트 되는 쇼핑 검색어 랭킹 조회
163	커머스	쇼핑	11번가	앱	상품 조회	추천 브랜드 조회하기	추천된 브랜드 리스트 조회하기
164	커머스	쇼핑	11번가	앱	상품 추천	최근 조회 상품과 유사한 상품 추천하기	사용자의 최근 조회 상품과 유사한 상품 리스트를 추천
165	커머스	쇼핑	11번가	앱	상품 추천	시즌, 타임별 특가 상품 추천하기	시즌, 타임별 특가 상품 리스트를 추천
166	커머스	쇼핑	11번가	앱	상품 추천	당일 배송 상품 추천하기	당일 배송 상품 리스트를 추천
167	커머스	쇼핑	11번가	앱	상품 추천	베스트 상품 추천하기	베스트 상품 리스트를 추천
168	커머스	쇼핑	11번가	앱	상품 추천	MD 선정 상품 추천하기	MD 선정 상품 리스트 추천
169	커머스	쇼핑	11번가	앱	라이브 커머스	실시간 라이브 커머스 방송 시청하기	스트리밍 서비스를 이용해 실시간 라이브 커머스 방송 시청
170	커머스	쇼핑	11번가	앱	라이브 커머스	VOD 라이브 커머스 방송 시청하기	녹화된 VOD 라이브 커머스 방송 시청
171	커머스	쇼핑	11번가	앱	라이브 커머스	라이브 커머스 소리 켜기	소리 버튼을 클릭해 소리 켜기
172	커머스	쇼핑	11번가	앱	라이브 커머스	라이브 커머스 소리 끄기	소리 버튼을 클릭해 소리 끄기
173	커머스	쇼핑	11번가	앱	라이브 커머스	제스쳐를 통해 다음 라이브 커머스 방송 시청하기	위로 스와이프하는 제스쳐를 통해 다음 실시간, VOD, 숏츠 라이브 커머스 시청
174	커머스	쇼핑	11번가	앱	라이브 커머스	실시간 라이브 커머스 방송에 댓글 쓰기	실시간 라이브 커머스 방송에 댓글 작성
175	커머스	쇼핑	11번가	앱	라이브 커머스	라이브 커머스 방송에 좋아요 평가하기	실시간, VOD 라이브 커머스에 좋아요 평가
176	커머스	쇼핑	11번가	앱	라이브 커머스	라이브 공유하기	실시간, VOD 라이브 커머스 방송 링크 공유
177	커머스	쇼핑	11번가	앱	라이브 커머스	예정 라이브 방송 목록 조회하기	방송 예정 라이브 커머스 리스트 조회
178	커머스	쇼핑	11번가	앱	라이브 커머스	예정 라이브 방송 알림 신청하기	방송 예정 라이브 커머스 알림 신청
179	커머스	쇼핑	11번가	앱	상품 보관	상품 찜하기 	하트 버튼을 눌러 상품 찜하기
180	커머스	쇼핑	11번가	앱	상품 보관	상품 찜 취소하기	하트 버튼을 다시 눌러 상품 찜 취소
181	커머스	쇼핑	11번가	앱	상품 보관	찜한 상품 조회하기	찜한 상품 리스트 조회
182	커머스	쇼핑	11번가	앱	주문	상품 장바구니 넣기	장바구니 버튼을 눌러 상품 장바구니 넣기
183	커머스	쇼핑	11번가	앱	주문	상품 장바구니 빼기	엑스 버튼을 눌러 상품 장바구니 빼기
184	커머스	쇼핑	11번가	앱	주문	상품 주문하기	상품 주문하기 버튼을 눌러 상품 주문
185	커머스	쇼핑	11번가	앱	주문	상품 주문 취소하기	주문 취소 버튼을 눌러 상품 주문 취소
186	커머스	쇼핑	11번가	앱	주문	주문 목록 조회하기	사용자가 주문했던 상품 리스트를 조회
187	커머스	쇼핑	11번가	앱	주문	취소, 반품, 교환 목록 조회하기	사용자가 취소, 반품, 교환했던 상품 리스트를 조회
188	커머스	쇼핑	11번가	앱	주문	환불 내역 조회하기	환불 내역 조회
189	커머스	쇼핑	11번가	앱	주문	환불 내역 필터링하기	환불 내역을 최근 구매 일자별로 필터링하여 조회하기
190	커머스	쇼핑	11번가	앱	주문	주문 내역 조회하기	주문 내역 조회
191	커머스	쇼핑	11번가	앱	주문	주문 내역 정렬하기	주문 내역을 주문 일자와 업데이트 순으로 정렬하기
192	커머스	쇼핑	11번가	앱	주문	주문 내역 필터링하기	주문 내역을 최근 구매 일자별로 필터링하여 조회하기
193	커머스	쇼핑	11번가	앱	주문	주문 내역 검색하기	키워드를 포함하는 주문 내역 조회
194	커머스	쇼핑	11번가	앱	주문	주문 상품 판매자 문의하기	주문 상품을 판매한 판매자에게 문의하기
195	커머스	쇼핑	11번가	앱	주문	판매자 정보 상세 조회	주문 상품을 판매한 판매자 상세보기
196	커머스	쇼핑	11번가	앱	주문	주문 상품 장바구니 담기	주문 상품 장바구니 담기
197	커머스	쇼핑	11번가	앱	주문	주문 내역 삭제하기	주문 내역 삭제하기
198	커머스	쇼핑	11번가	앱	주문	카카오톡으로 선물 보내기	선택한 상품을 상대방 카카오톡 정보를 입력하여 선물 발송
199	커머스	쇼핑	11번가	앱	주문	MMS로 선물 보내기	선택한 상품을 상대방 MMS 정보를 입력하여 선물 발송
200	커머스	쇼핑	11번가	앱	주문	받은 선물 목록 조회하기	받은 선물 목록 조회
201	커머스	쇼핑	11번가	앱	주문	보낸 선물 목록 조회하기	보낸 선물 목록 조회
202	커머스	쇼핑	11번가	앱	이벤트	미션 리스트 조회	포인트를 받을 수 있는 미션 리스트 조회
203	커머스	쇼핑	11번가	앱	이벤트	미션 참여 후 포인트 받기	포인트를 받을 수 있는 미션 참여 후 포인트 받기
204	커머스	쇼핑	11번가	앱	이벤트	할인쿠폰 증정 이벤트 리스트 조회	할인쿠폰 증정 이벤트 리스트 조회
205	커머스	쇼핑	11번가	앱	이벤트	이벤트 참여 후 할인쿠폰 받기	할인쿠폰 증정 이벤트 참여 후 할인 쿠폰 받기
206	커머스	쇼핑	11번가	앱	이벤트	리워드 금액 확인하기	상품 링크 공유 후 타 사용자가 해당 구매 시 받는 리워드 금액 조회
207	커머스	쇼핑	11번가	앱	이벤트	머니백 랭킹 조회하기	리워드 금액별 머니백 랭킹과 나의 랭킹 조회
208	커머스	쇼핑	11번가	앱	결제	은행 계좌 결제 수단 등록하기	인증이 완료된 은행계좌를 결제 수단으로 등록
209	커머스	쇼핑	11번가	앱	결제	신용/체크 카드 스캔하기	카메라가 실행되며, 사각형 영역에 카드를 맞추면 카드 번호와 유효기간, CVC 번호를 자동 입력
210	커머스	쇼핑	11번가	앱	결제	신용/체크 카드 정보 입력하기 	사용자가 직접 카드 정보를 입력하거나 스캔된 카드 정보를 수정
211	커머스	쇼핑	11번가	앱	결제	신용/체크 카드 결제 수단 등록하기	입력한 정보의 카드를 결제 수단으로 등록
212	커머스	쇼핑	11번가	앱	결제	휴대폰 결제 수단 등록하기	휴대폰 본인인증을 통해 결제 수단으로 등록
213	커머스	쇼핑	11번가	앱	결제	핀크 결제 수단 등록하기	핀크 회원 인증을 통해 결제 수단으로 등록
214	커머스	쇼핑	11번가	앱	결제	등록된 정보로 디지털 머니 충전하기	사용자가 입력한 금액과 등록한 계좌로 디지털 머니 충전
215	커머스	쇼핑	11번가	앱	결제	디지털 머니 결제하기	결제 시 디지털머니 잔액으로 결제
216	커머스	쇼핑	11번가	앱	결제	등록된 은행 계좌 정보로 결제하기	결제 시 등록된 은행 계좌로 결제
217	커머스	쇼핑	11번가	앱	결제	등록된 신용/체크카드 결제하기	결제 시 등록된 신용/체크 카드로 결제
218	커머스	쇼핑	11번가	앱	결제	등록된 휴대폰 정보로 결제하기	결제 시 등록된 휴대폰으로 결제
219	커머스	쇼핑	11번가	앱	결제	등록된 핀크 회원 정보로 결제하기	결제 시 등록된 핀크 회원 정보를 통해 결제
220	커머스	쇼핑	11번가	앱	결제	카카오페이 결제하기	카카오페이 앱 인증을 통해 결제
221	커머스	쇼핑	11번가	앱	결제	현금영수증 신청하기	현금 결제 시 사용자가 현금영수증 등록 번호를 입력하여 신청
222	커머스	쇼핑	11번가	앱	결제	제휴 포인트 조회하기	연관된 제휴 업체의 포인트를 조회
223	커머스	쇼핑	11번가	앱	결제	제휴 포인트 전환하기	연관된 제휴 업체의 포인트를 사용 가능한 포인트로 전환
224	커머스	쇼핑	11번가	앱	결제	포인트 결제하기	사용자가 보유한 포인트를 사용자가 입력한 금액만큼 차감하여 결제
225	커머스	쇼핑	11번가	앱	결제	신용카드 결제하기	카드사와 할부 정보, 포인트 사용 여부를 선택하여 카드 결제
226	커머스	쇼핑	11번가	앱	결제	가상 계좌 발급하기	사용자가 주문한 금액과 선택한 은행으로 가상 계좌번호를 발급
227	커머스	쇼핑	11번가	앱	결제	무통장 입금 하기	가상 계좌번호에 입금 기한 내 금액 입금 시 무통장 입금 결제 완료
228	커머스	쇼핑	11번가	앱	결제	편의점 결제 바코드 발급하기	사용자가 주문한 금액으로 편의점 결제 바코드를 발급
229	커머스	쇼핑	11번가	앱	결제	편의점 결제 하기	편의점에서 편의점 결제 바코드 인식 후 현금 결제 시 결제 완료
230	커머스	쇼핑	11번가	앱	결제	PAYCO 결제하기	PAYCO 앱을 통해 결제
231	커머스	쇼핑	11번가	앱	결제	할인 쿠폰 등록하기	할인쿠폰 번호를 등록하여 할인쿠폰 등록
232	커머스	쇼핑	11번가	앱	결제	할인 쿠폰 목록 조회하기	등록했거나 발급 받은 할인 쿠폰 리스트를 조회
233	커머스	쇼핑	11번가	앱	결제	할인 쿠폰 적용하기	사용자가 보유한 할인쿠폰을 선택 적용하여 결제
234	커머스	쇼핑	11번가	앱	결제	간편결제 수단 삭제하기	간편 결제 수단 삭제
235	커머스	쇼핑	11번가	앱	결제	생체 인증 결제 켜기	생체 인증을 통한 결제 기능 켜기
236	커머스	쇼핑	11번가	앱	결제	생체 인증 결제 끄기	생체 인증을 통한 결제 기능 끄기
237	커머스	쇼핑	11번가	앱	결제	SMS 추가 보안인증 켜기	SMS 추가 보안인증 켜기
238	커머스	쇼핑	11번가	앱	결제	SMS 추가 보안인증 끄기	SMS 추가 보안인증 끄기
239	커머스	쇼핑	11번가	앱	결제	ARS 추가 보안인증 켜기	ARS 추가 보안인증 켜기
240	커머스	쇼핑	11번가	앱	결제	ARS 추가 보안인증 끄기	ARS 추가 보안인증 끄기
241	커머스	쇼핑	11번가	앱	결제	소득공제 간소화 신청하기	소득공제 간소화 신청
242	커머스	쇼핑	11번가	앱	결제	제휴 카드 발급 신청하기	혜택률이 높은 제휴 카드 발급 신청
243	커머스	쇼핑	11번가	앱	배송 관리	배송 정보 추가하기	배송 정보 추가
244	커머스	쇼핑	11번가	앱	배송 관리	배송 정보 수정하기	배송 정보 수정
245	커머스	쇼핑	11번가	앱	배송 관리	배송 정보 삭제하기	배송 정보 삭제
246	커머스	쇼핑	11번가	앱	배송 관리	안심택배함 조회하기	사용자의 설정 위치에 따른 근처 안심택배함 조회
247	커머스	쇼핑	11번가	앱	배송 관리	CU편의점 픽업 조회하기	사용자의 설정 위치에 따른 근처 픽업 가능한 CU편의점 조회
248	커머스	쇼핑	11번가	앱	배송 관리	배송 상태 조회하기	배송 상태 조회
249	커머스	쇼핑	11번가	앱	배송 관리	배송 기사와 전화하기	배송 기사의 전화번호를 사용자 기기의 연결
250	커머스	쇼핑	11번가	앱	리뷰 관리	구매 상품 별점 작성하기	구매 상품 별점 작성
251	커머스	쇼핑	11번가	앱	리뷰 관리	구매 상품 리뷰 작성하기	구매 상품 리뷰 작성
252	커머스	쇼핑	11번가	앱	리뷰 관리	구매 상품 리뷰 사진 촬영하기	구매 상품 리뷰 사진 촬영
253	커머스	쇼핑	11번가	앱	리뷰 관리	구매 상품 리뷰 사진 첨부하기	구매 상품 리뷰 사진 첨부
254	커머스	쇼핑	11번가	앱	리뷰 관리	나의 리뷰 조회하기	사용자가 작성했던 리뷰 리스트 조회
255	커머스	쇼핑	11번가	앱	리뷰 관리	상품 리뷰 조회하기	상품에 대해 작성된 리뷰 리스트 조회
256	커머스	쇼핑	11번가	앱	리뷰 관리	리뷰어 페이지 조회하기	리뷰어 페이지 조회
257	커머스	쇼핑	11번가	앱	리뷰 관리	상품 리뷰 공유하기	상품 리뷰 링크 공유
258	커머스	쇼핑	11번가	앱	리뷰 관리	상품 리뷰 평가하기	도움이 된 상품 리뷰에 꾹을 눌러 평가
259	커머스	쇼핑	11번가	앱	고객 지원	상품 문의하기	상품 선택 후 문의 유형 선택 및 문의 내용, 공개 여부를 선택하여 문의 작성
260	커머스	쇼핑	11번가	앱	고객 지원	상품 톡하기	브랜드에 채팅으로 상품 문의
261	커머스	쇼핑	11번가	앱	고객 지원	톡에서 이모티콘 보내기	브랜드에 채팅으로 상품 문의 시, 이모티콘 발송
262	커머스	쇼핑	11번가	앱	고객 지원	톡에서 사진 촬영하기	브랜드에 채팅으로 상품 문의 시, 사진 촬영
263	커머스	쇼핑	11번가	앱	고객 지원	톡에서 사진 첨부하기	브랜드에 채팅으로 상품 문의 시, 사진 첨부
264	커머스	쇼핑	11번가	앱	고객 지원	실시간 채팅 상담하기	실시간 채팅 상담
265	커머스	쇼핑	11번가	앱	고객 지원	메일 상담하기	상담 분류와 문의 내용, 이미지 파일, 답변 받을 이메일 주소를 입력하여 앱 내 메일 발송
266	커머스	쇼핑	11번가	앱	고객 지원	불편 사항 접수하기	구매 관련 개선, 건의 사항 앱 내 접수
267	커머스	쇼핑	11번가	앱	고객 지원	상담 내역 조회하기	상담 내역 리스트 조회
268	커머스	쇼핑	11번가	앱	고객 지원	서비스별 ARS 조회하기	서비스별 ARS 번호 조회
269	커머스	쇼핑	11번가	앱	고객 지원	공지사항 조회하기	공지사항 리스트 조회
270	커머스	쇼핑	11번가	앱	고객 지원	FAQ 조회하기	FAQ(자주묻는질문) 리스트 조회
271	커머스	쇼핑	11번가	앱	고객 지원	FAQ 검색하기	키워드를 FAQ에 포함하는 FAQ 리스트 조회
272	커머스	쇼핑	11번가	앱	게임	식물 육성 후 받을 상품 고르기	식물 육성 게임에서 육성 완료 후 받을 상품 고르기
273	커머스	쇼핑	11번가	앱	게임	출석체크하고 식물 육성용 물 받기	식물 육성 게임에서 출석체크하고 식물 육성용 물 받기
274	커머스	쇼핑	11번가	앱	게임	상품 구경하고 식물 육성용 물 받기	식물 육성 게임에서 상품 구경하고 식물 육성용 물 받기
275	커머스	쇼핑	11번가	앱	게임	친구 초대하고 식물 육성용 물 받기	식물 육성 게임에서 친구 초대하고 식물 육성용 물 받기
276	커머스	쇼핑	11번가	앱	게임	물 주고 식물 육성하기	식물 육성 게임에서 물 주고 식물 육성하기
277	커머스	쇼핑	11번가	앱	자산 관리	계좌 연결하기	계좌 연결하기
278	커머스	쇼핑	11번가	앱	자산 관리	연금 연결하기	연금 연결하기
279	커머스	쇼핑	11번가	앱	자산 관리	투자 연결하기	투자 연결하기
280	커머스	쇼핑	11번가	앱	자산 관리	보험 연결하기	보험 연결하기
281	커머스	쇼핑	11번가	앱	자산 관리	머니/포인트/선불 카드 연결하기	머니/포인트/선불 카드 연결하기
282	커머스	쇼핑	11번가	앱	자산 관리	대출 연결하기	대출 연결하기
283	커머스	쇼핑	11번가	앱	자산 관리	간편결제 연결하기	간편결제 연결하기
284	커머스	쇼핑	11번가	앱	자산 관리	소비내역 확인하기	소비내역 확인하기
285	커머스	쇼핑	11번가	앱	자산 관리	소비목표 수립하기	소비목표 수립하기
286	커머스	쇼핑	11번가	앱	Auth	사업자 회원가입 하기	사업자 등록번호로 사업자 회원가입
287	커머스	쇼핑	11번가	앱	Auth	휴대폰 번호로 개인 회원가입 하기	휴대폰 번호로 개인 회원가입
288	커머스	쇼핑	11번가	앱	Auth	소셜 개인 회원가입 하기	소셜 로그인 정보를 연동하여 개인 회원가입
289	커머스	쇼핑	11번가	앱	Auth	가입/이용 약관 동의하기	가입/이용을 위한 약관 조회 및 동의
290	커머스	쇼핑	11번가	앱	Auth	휴대폰 본인인증 하기	입력한 휴대폰으로 인증 번호을 받아 휴대폰 인증하기
291	커머스	쇼핑	11번가	앱	Auth	이메일 인증하기	입력한 이메일로 인증 메일을 받아 이메일 인증하기
292	커머스	쇼핑	11번가	앱	Auth	카드본인인증하기	앱 카드 혹은 카드 정보를 입력하여 카드 인증하기
293	커머스	쇼핑	11번가	앱	Auth	로그인하기	가입한 아이디와 비밀번호를 입력하여 로그인
294	커머스	쇼핑	11번가	앱	Auth	소셜 로그인 하기	등록된 소셜 정보를 연동하여 로그인
295	커머스	쇼핑	11번가	앱	Auth	소셜 로그인 연결하기	소셜 로그인 연결
296	커머스	쇼핑	11번가	앱	Auth	소셜 로그인 연결 해제하기	소셜 로그인 연결 해제
297	커머스	쇼핑	11번가	앱	Auth	자동 로그인 기기 조회하기	자동 로그인 되어 있는 기기 목록 조회
298	커머스	쇼핑	11번가	앱	Auth	자동 로그인 기기 해제하기	자동 로그인 되어 있는 기기 해제
299	커머스	쇼핑	11번가	앱	Auth	휴대폰 인증을 통해 아이디 찾기	휴대폰 본인인증을 완료 후 아이디 조회
300	커머스	쇼핑	11번가	앱	Auth	카드본인인증을 통해 아이디 찾기	카드본인인증을 완료 후 아이디 조회
301	커머스	쇼핑	11번가	앱	Auth	휴대폰 인증을 통해 비밀번호 재설정 하기	휴대폰 본인인증을 완료 후 비밀번호 재설정
302	커머스	쇼핑	11번가	앱	Auth	카드본인인증을 통해 비밀번호 재설정 하기	카드본인인증을 완료 후 비밀번호 재설정
303	커머스	쇼핑	11번가	앱	Auth	이메일 정보 수정하기	회원 정보 수정에서 이메일 인증 완료 후 이메일 정보 수정
304	커머스	쇼핑	11번가	앱	Auth	휴대폰 번호 수정하기	회원 정보 수정에서 휴대폰 인증 완료 후 휴대폰 정보 수정
305	커머스	쇼핑	11번가	앱	Auth	비회원 주문 조회하기	비회원 주문 조회하기
306	커머스	쇼핑	11번가	앱	Auth	휴대폰 본인인증 하기	휴대폰 본인인증 하기
307	커머스	쇼핑	11번가	앱	Auth	로그아웃하기	로그아웃하기
308	커머스	쇼핑	11번가	앱	Auth	탈퇴 유의사항 동의하기	탈퇴 유의사항에 대한 내용 조회 및 동의하기
309	커머스	쇼핑	11번가	앱	Auth	탈퇴하기	비밀번호를 입력 후 회원 탈퇴
310	커머스	쇼핑	11번가	앱	Auth	계정으로 로그인 했던 환경 조회하기	계정으로 로그인 했던 환경 조회하기
311	커머스	쇼핑	11번가	앱	계정관리	임시 저장된 이미지 캐시 삭제하여 저장 공간 확보하기	임시 저장된 이미지 캐시 삭제하여 저장 공간 확보하기
312	커머스	쇼핑	11번가	앱	계정관리	프로필 사진 등록하기	프로필 사진 등록하기
313	커머스	쇼핑	11번가	앱	계정관리	프로필 사진 변경하기	프로필 사진 변경하기
314	커머스	쇼핑	11번가	앱	계정관리	프로필 사진 삭제하기	프로필 사진 삭제하기
315	커머스	쇼핑	11번가	앱	계정관리	리뷰 상세 정보에 노출되는 사이즈 정보 등록하기	리뷰 상세 정보에 노출되는 사이즈 정보 등록하기
316	커머스	쇼핑	11번가	앱	계정관리	리뷰 상세 정보에 노출되는 피부 정보 등록하기	리뷰 상세 정보에 노출되는 피부 정보 등록하기
317	커머스	쇼핑	11번가	앱	계정관리	리뷰 상세 정보에 노출되는 아이 사이즈 정보 등록하기	리뷰 상세 정보에 노출되는 아이 사이즈 정보 등록하기
318	커머스	쇼핑	11번가	앱	계정관리	작성한 리뷰 리스트와 리뷰어 랭킹을 조회할 수 있는 리뷰어 페이지 공개하기	작성한 리뷰 리스트와 리뷰어 랭킹을 조회할 수 있는 리뷰어 페이지 공개하기
319	커머스	쇼핑	11번가	앱	계정관리	작성한 리뷰 리스트와 리뷰어 랭킹을 조회할 수 있는 리뷰어 페이지 비공개하기	작성한 리뷰 리스트와 리뷰어 랭킹을 조회할 수 있는 리뷰어 페이지 비공개하기
320	커머스	쇼핑	11번가	앱	계정관리	해외 배송을 위한 개인통관고유번호 등록하기	해외 배송을 위한 개인통관고유번호 등록하기
321	커머스	쇼핑	11번가	앱	계정관리	해외 배송을 위한 개인통관고유번호 변경하기	해외 배송을 위한 개인통관고유번호 변경하기
322	커머스	쇼핑	11번가	앱	계정관리	해외 배송을 위한 개인통관고유번호 발급가능한 관세청 링크 연결하기	해외 배송을 위한 개인통관고유번호 발급가능한 관세청 링크 연결하기
323	커머스	쇼핑	11번가	앱	계정관리	멤버십 가입하기	정기 결제 멤버십 가입
324	커머스	쇼핑	11번가	앱	계정관리	멤버십 결제하기	정기 결제 멤버십 결제
325	커머스	쇼핑	11번가	앱	계정관리	멤버십 해지하기	정기 결제 멤버십 해지
326	커머스	쇼핑	11번가	앱	계정관리	멤버십 혜택 조회하기	정기 결제 멤버십 혜택 리스트 조회
327	커머스	쇼핑	11번가	앱	계정관리	검색 기록 삭제하기	기기에서 검색한 기록 삭제
328	커머스	쇼핑	11번가	앱	계정관리	동영상 자동재생 옵션 설정하기	재생 환경에 따른 동영상 자동재생 옵션 선택
329	커머스	쇼핑	11번가	앱	알림 설정	타임별 특가 상품 알림 신청하기	타임딜 상품 알림 신청하기
330	커머스	쇼핑	11번가	앱	알림 설정	안내톡 켜기	구매정보, 혜택정보를 11톡 내 안내톡으로 수신 허용
331	커머스	쇼핑	11번가	앱	알림 설정	안내톡 끄기	구매정보, 혜택정보를 11톡 내 안내톡으로 수신 거부
332	커머스	쇼핑	11번가	앱	알림 설정	친구별 개별 알림 끄기	친구별로 11톡 알림 수신 거부
333	커머스	쇼핑	11번가	앱	알림 설정	에티켓 시간 설정하기	지정된 시간에 푸시 알림 수신 거부
334	커머스	패션	무신사	앱	상품 조회	카테고리별 상품 목록 조회하기	유형 카테고리별로 분류된 상품 리스트 조회
335	커머스	패션	무신사	앱	상품 조회	브랜드별 이벤트 목록 조회하기	브랜드별 이벤트 리스트 조회
336	커머스	패션	무신사	앱	상품 조회	특가 상품 목록 조회하기	특가 상품 리스트 조회
337	커머스	패션	무신사	앱	상품 조회	타임 세일 상품 목록 조회하기	타임 세일 상품 리스트 조회
338	커머스	패션	무신사	앱	상품 조회	에디터 추천 상품 목록 조회하기	에디터 추천 상품 리스트 조회
339	커머스	패션	무신사	앱	상품 조회	시즌 추천 상품 목록 조회하기	시즌별 추천 상품 리스트 조회
340	커머스	패션	무신사	앱	상품 조회	트렌드 브랜드의 상품 목록 조회하기	트렌드한 브랜드의 상품 리스트 조회
341	커머스	패션	무신사	앱	상품 조회	상품 검색하기	키워드를 상품명에 포함하는 상품 리스트 조회
342	커머스	패션	무신사	앱	상품 조회	상품 검색 시 최근 검색어 조회하기	검색 창에서 사용자가 검색한 검색어 조회
343	커머스	패션	무신사	앱	상품 조회	상품 검색 시 최근 검색어 삭제하기	검색 창에서 사용자가 검색한 검색어 삭제
344	커머스	패션	무신사	앱	상품 조회	상품 검색 시 검색어 추천하기	검색 창에서 사용자가 최근 조회한 상품을 기준으로 검색어 추천
345	커머스	패션	무신사	앱	상품 조회	상품 검색 시 인기 검색어 랭킹 조회하기	검색 창에서 인기 검색어 키워드 랭킹 조회
346	커머스	패션	무신사	앱	상품 조회	상품 검색 시 급상승 검색어 조회하기	검색 창에서 시간별 급상승 검색어 랭킹 조회
347	커머스	패션	무신사	앱	상품 조회	상품 필터링하기	사용자가 원하는 옵션이 포함된 상품 리스트 조회
348	커머스	패션	무신사	앱	상품 조회	상품 정렬하기	사용자가 원하는 옵션으로 정렬된 상품 리스트 조회
349	커머스	패션	무신사	앱	상품 조회	상품 목록을 스타일 스냅 목록으로 전환하기	상품 리스트를 스타일 스냅 리스트로 전환
350	커머스	패션	무신사	앱	상품 조회	상품 목록을 코디 목록으로 전환하기	상품 리스트를 코디 리스트로 전환
351	커머스	패션	무신사	앱	상품 조회	상품 상세 정보 조회하기	상품 상세 정보 조회
352	커머스	패션	무신사	앱	상품 조회	상품 공유하기	상품 상세 정보 링크를 공유
353	커머스	패션	무신사	앱	상품 조회	상품 스냅 모아보기	상품 스타일 스냅 사진을 모아보기
354	커머스	패션	무신사	앱	상품 조회	상품 신고하기	문제 상품 신고하기
355	커머스	패션	무신사	앱	상품 추천	최근 조회 상품과 유사한 상품 추천하기	사용자의 최근 조회 상품과 유사한 상품 리스트를 추천
356	커머스	패션	무신사	앱	상품 추천	현재 조회 상품과 유사 상품 추천하기	사용자가 현재 조회하고 있는 상품과 유사한 상품 리스트를 추천
357	커머스	패션	무신사	앱	상품 추천	비슷한 연령대 관심 상품 추천하기	사용자와 비슷한 연령대의 관심 상품 리스트를 추천
358	커머스	패션	무신사	앱	상품 추천	비슷한 연령대 베스트 상품 추천하기	사용자와 비슷한 연령대의 베스트 상품 리스트를 추천
359	커머스	패션	무신사	앱	상품 추천	입력한 사이즈를 기준으로 사이즈 추천받기	사용자가 등록한 사이즈를 기준으로 상품 사이즈를 추천
360	커머스	패션	무신사	앱	패션 콘텐츠	브랜드 페이지 보기	브랜드 페이지 조회
361	커머스	패션	무신사	앱	패션 콘텐츠	관련 브랜드 매거진 조회하기	사용자가 현재 조회하고 있는 상품이 포함된 브랜드 매거진 리스트를 조회
362	커머스	패션	무신사	앱	패션 콘텐츠	브랜드 스토리 매거진 목록 조회하기	브랜드 매거진 리스트 조회
363	커머스	패션	무신사	앱	패션 콘텐츠	브랜드 스토리 매거진 상세 보기	브랜드 매거진 상세 조회
364	커머스	패션	무신사	앱	패션 콘텐츠	브랜드 스토리 매거진 좋아요 평가하기	브랜드 매거진 좋아요 평가
365	커머스	패션	무신사	앱	패션 콘텐츠	브랜드 스토리 매거진에 댓글 쓰기	브랜드 매거진 댓글 쓰기
366	커머스	패션	무신사	앱	패션 콘텐츠	브랜드 스토리 매거진 이벤트 참여하기	이벤트 중인 브랜드 매거진 참여하기
367	커머스	패션	무신사	앱	패션 콘텐츠	브랜드 스토리 매거진 공유하기	브랜드 매거진 링크 공유
368	커머스	패션	무신사	앱	패션 콘텐츠	브랜드 스토리 매거진 필터링하기	사용자가 원하는 옵션이 포함된 브랜드 매거진 리스트 조회
369	커머스	패션	무신사	앱	커뮤니티	카테고리별 스타일 스냅 조회하기	스타일 종류별로 분류된 스타일 리스트 조회
370	커머스	패션	무신사	앱	커뮤니티	스타일 스냅  필터링하기	사용자가 원하는 옵션이 포함된 스타일 리스트 조회
371	커머스	패션	무신사	앱	커뮤니티	거리 패션 피플 스타일 스냅  조회하기	지역별 거리 패션 피플 스타일 리스트 조회
372	커머스	패션	무신사	앱	커뮤니티	인기 브랜드 스타일 스냅 조회하기	인기 브랜드별로 분류된 스타일 리스트 조회
373	커머스	패션	무신사	앱	커뮤니티	핫한 아이템을 활용한 코디 스타일 조회하기	핫한 아이템별로 코디된 스타일 리스트 조회
374	커머스	패션	무신사	앱	커뮤니티	트렌드 키워드 스타일 스냅  추천하기	트렌드한 키워드의 스타일 리스트를 추천
375	커머스	패션	무신사	앱	커뮤니티	추천 상품 연관 스타일 스냅  추천하기	추천 상품과 연관된 스타일 리스트를 추천
376	커머스	패션	무신사	앱	커뮤니티	비슷한 연령대 인기 스타일 스냅  추천하기	사용자와 비슷한 연령대의 인기 스타일 리스트를 추천
377	커머스	패션	무신사	앱	커뮤니티	유사 상품 활용 스타일 스냅  추천하기	사용자가 현재 조회하고 있는 상품과 유사한 상품 스타일 리스트를 추천
378	커머스	패션	무신사	앱	커뮤니티	크리에이터 검색하기	키워드를 크리에이터명에 포함하는 크리에이터 리스트 조회
379	커머스	패션	무신사	앱	커뮤니티	크리에이터 팔로우 하기	크리에이터 팔로우 누르기
380	커머스	패션	무신사	앱	커뮤니티	크리에이터 페이지 조회하기	크리에이터 페이지 상세 조회
381	커머스	패션	무신사	앱	커뮤니티	크리에이터 인스타그램 이동하기	크리에이터의 개인 인스타그램 링크 연결
382	커머스	패션	무신사	앱	커뮤니티	크리에이터 유튜브 조회하기	크리에이터의 개인 유튜브 링크 연결
383	커머스	패션	무신사	앱	커뮤니티	크리에이터 페이지 공유하기	크리에이터의 페이지 링크 공유
384	커머스	패션	무신사	앱	커뮤니티	크리에이터 팔로워 목록보기	크리에이터의 팔로워 목록 조회
385	커머스	패션	무신사	앱	커뮤니티	크리에이터 팔로잉 목록보기	크리에이터의 팔로잉 목록 조회
386	커머스	패션	무신사	앱	커뮤니티	크리에이터 신고하기	크리에이터 신고
387	커머스	패션	무신사	앱	커뮤니티	크리에이터 숨기기	크리에이터 숨기기
388	커머스	패션	무신사	앱	커뮤니티	스타일 스냅 상세보기	스타일 스냅 상세 조회
389	커머스	패션	무신사	앱	커뮤니티	스타일 스냅 상품 조회하기	스타일 스냅에 태그된 상품 리스트 조회
390	커머스	패션	무신사	앱	커뮤니티	스타일 스냅 좋아요 평가하기	스타일 스냅에 좋아요 평가
391	커머스	패션	무신사	앱	커뮤니티	스타일 스냅 좋아요 목록 보기	스타일 스냅에 좋아요를 누른 유저 리스트 조회
392	커머스	패션	무신사	앱	커뮤니티	스타일 스냅 댓글 남기기	스타일 스냅에 댓글 남기기
393	커머스	패션	무신사	앱	커뮤니티	스타일 스냅 댓글 태그 누르기	자동 완성되어있는 댓글 태그를 눌러 댓글 남기기
394	커머스	패션	무신사	앱	커뮤니티	스타일 스냅 공유하기	스타일 스냅 상세 링크 공유
395	커머스	패션	무신사	앱	커뮤니티	태그 모아보기	스타일 스냅에 포함된 태그를 선택하여 해당 태그를 포함한 스타일 스냅 리스트 조회
396	커머스	패션	무신사	앱	커뮤니티	태그 검색하기	태그를 포함한 스타일 스냅 리스트 조회
397	커머스	패션	무신사	앱	커뮤니티	태그 필터링하기	사용자가 원하는 옵션이 포함된 스타일 스냅 리스트 조회
398	커머스	패션	무신사	앱	커뮤니티	패션톡 목록 조회하기	유형별 패션톡 리스트 조회
399	커머스	패션	무신사	앱	커뮤니티	베스트 패션톡 목록 조회하기	베스트 패션톡 리스트 조회
400	커머스	패션	무신사	앱	커뮤니티	패션톡 필터링하기	사용자가 원하는 옵션이 포함된 패션톡 리스트 조회
401	커머스	패션	무신사	앱	커뮤니티	패션톡 정렬하기	사용자가 원하는 옵션으로 정렬된 패션톡 리스트 조회
402	커머스	패션	무신사	앱	커뮤니티	패션톡 글 상세보기	패션톡 글 상세 조회
403	커머스	패션	무신사	앱	커뮤니티	패션톡 공유하기	패션톡 링크 공유
404	커머스	패션	무신사	앱	커뮤니티	패션톡 글 쓰기	패션톡에 주제를 선택 후 적립금, 사진, 투표, 태그, 상품, 코디맵 기능을 활용해 글쓰기
405	커머스	패션	무신사	앱	커뮤니티	패션톡 글 삭제하기	패션톡에 등록된 글 삭제하기
406	커머스	패션	무신사	앱	커뮤니티	패션톡 글 신고하기	패션톡 글 신고하기
407	커머스	패션	무신사	앱	커뮤니티	패션톡 사용자 신고하기	패션톡 사용자 신고하기
408	커머스	패션	무신사	앱	커뮤니티	패션톡 사용자 글 보지 않기	패션 톡 글 숨기기
409	커머스	패션	무신사	앱	커뮤니티	패션톡 좋아요 평가하기	패션톡 좋아요 평가
410	커머스	패션	무신사	앱	커뮤니티	패션톡 싫어요 평가하기	패션톡 싫어요 평가
411	커머스	패션	무신사	앱	커뮤니티	패션톡 댓글 쓰기	패션톡에 댓글 쓰기
412	커머스	패션	무신사	앱	커뮤니티	패션톡 댓글 삭제하기	패션톡에 댓글 삭제하기
413	커머스	패션	무신사	앱	커뮤니티	패션톡 사진 첨부하기	패션톡 사진 첨부하기
414	커머스	패션	무신사	앱	커뮤니티	패션톡 상품 첨부하기	패션톡에 내가 구매했던 상품 태그하기
415	커머스	패션	무신사	앱	커뮤니티	패션톡 코디맵 첨부하기	패션톡에 코디맵 등록하기
416	커머스	패션	무신사	앱	커뮤니티	패션톡 댓글 신고하기	패션톡 댓글 신고하기
417	커머스	패션	무신사	앱	커뮤니티	패션톡 댓글에 좋아요 평가하기	패션톡 댓글에 좋아요 평가
418	커머스	패션	무신사	앱	커뮤니티	패션톡 댓글에 싫어요 평가하기	패션톡 댓글에 싫어요 평가
419	커머스	패션	무신사	앱	커뮤니티	패션톡 댓글에 답글 쓰기	패션톡 댓글에 답글 쓰기
420	커머스	패션	무신사	앱	커뮤니티	패션톡 답글 신고하기	패션톡 답글 신고하기
421	커머스	패션	무신사	앱	주문	브랜드 좋아요 평가하기	하트 버튼을 눌러 브랜드 좋아요 평가
422	커머스	패션	무신사	앱	주문	상품 좋아요 평가하기	하트 버튼을 눌러 상품 좋아요 평가
423	커머스	패션	무신사	앱	주문	회원 최저가 계산하기	회원 등급, 적립금 선할인, 보유 쿠폰, 보유 적립금 적용을 통한 최저가 계산해주기
424	커머스	패션	무신사	앱	주문	상품 장바구니 넣기	장바구니 버튼을 눌러 상품 장바구니 넣기
425	커머스	패션	무신사	앱	주문	상품 장바구니 빼기	엑스 버튼을 눌러 상품 장바구니 빼기
426	커머스	패션	무신사	앱	주문	상품 주문하기	상품 주문하기 버튼을 눌러 상품 주문
427	커머스	패션	무신사	앱	주문	상품 픽업 주문하기	상품 매장픽업 버튼을 눌러 픽업 주문
428	커머스	패션	무신사	앱	주문	픽업 바코드 발행하기	픽업 주문 성공 시 픽업 바코드 발행
429	커머스	패션	무신사	앱	주문	픽업 가능 매장 조회하기	해당 상품 픽업 가능 매장 리스트 조회
430	커머스	패션	무신사	앱	주문	픽업 가능 매장 선택하기	해당 상품 픽업 가능 매장 리스트 선택
431	커머스	패션	무신사	앱	주문	픽업 장소 선택하기	해당 매장 픽업 장소 선택
432	커머스	패션	무신사	앱	주문	주문/배송 내역 조회	주문/배송 리스트 조회
433	커머스	패션	무신사	앱	주문	주문/배송 내역 필터링	사용자가 선택한 옵션을 포함하는 주문/배송 리스트 조회
434	커머스	패션	무신사	앱	주문	주문 내역 상세 조회	주문 내역 상세 조회
435	커머스	패션	무신사	앱	주문	주문 내역 삭제하기	주문 내역 삭제
436	커머스	패션	무신사	앱	주문	주문한 상품을 적용한 스타일 코디 추천	주문 내역 속 상품별 추천 코디 리스트 조회
437	커머스	패션	무신사	앱	주문	환불/교환 내역 조회	환불/교환 리스트 조회
438	커머스	패션	무신사	앱	주문	환불/교환 내역 필터링	사용자가 선택한 옵션을 포함하는 환불/교환 리스트 조회
439	커머스	패션	무신사	앱	주문	환불/교환 내역 상세 조회	환불/교환 리스트 상세 조회
440	커머스	패션	무신사	앱	배송 관리	배송 정보 추가하기	배송 정보 추가
441	커머스	패션	무신사	앱	배송 관리	배송 정보 수정하기	배송 정보 수정
442	커머스	패션	무신사	앱	배송 관리	배송 정보 삭제하기	배송 정보 삭제
443	커머스	패션	무신사	앱	배송 관리	픽업 알림 톡 발송하기	픽업 신청 시 매장에 해당 상품이 입고됐을 경우 사용자에게 픽업 알림 톡 발송
444	커머스	패션	무신사	앱	배송 관리	픽업 바코드를 통해 픽업하기	픽업 주문 시 발행되는 픽업 바코드를 인증하여 픽업
445	커머스	패션	무신사	앱	배송 관리	배송 조회하기	배송 상태 조회
446	커머스	패션	무신사	앱	배송 관리	배송 기사와 전화하기	배송 기사의 전화번호를 사용자 기기의 연결
447	커머스	패션	무신사	앱	결제	발급 가능한 쿠폰 조회하기	사용자의 회원정보에 따라 발급 가능한 쿠폰 리스트를 조회
448	커머스	패션	무신사	앱	결제	상품 적용 가능 쿠폰 조회하기	사용자가 선택한 상품에 따라 적용 가능한 쿠폰 리스트를 조회
449	커머스	패션	무신사	앱	결제	쿠폰 다운로드 하기	쿠폰 다운로드
450	커머스	패션	무신사	앱	결제	제휴 카드 발급 신청하기	커머스 제휴 카드 발급 신청
451	커머스	패션	무신사	앱	결제	결제 혜택 조회하기	결제 수단별 혜택 리스트 조회
452	커머스	패션	무신사	앱	결제	사용 가능한 포인트 조회하기	사용 가능한 포인트 금액 조회
453	커머스	패션	무신사	앱	결제	포인트 전환하기	포인트를 적립금으로 전환
454	커머스	패션	무신사	앱	결제	쿠폰 적용하기	사용자가 선택한 쿠폰을 선택 적용하여 결제
455	커머스	패션	무신사	앱	결제	적립금 선할인 사용하기	적립금 선할인 사용 버튼을 클릭하여 선할인 적용 결제
456	커머스	패션	무신사	앱	결제	적립금 내역보기	적립금 리스트 조회
457	커머스	패션	무신사	앱	결제	적립금 내역 필터링하기	사용자가 선택한 옵션에 해당하는 적립금 내역 조회
458	커머스	패션	무신사	앱	결제	보유 적립금 사용하기	사용자가 보유한 적립금을 사용자가 입력한 금액만큼 차감하여 결제
459	커머스	패션	무신사	앱	결제	은행 계좌 간편결제 등록하기	휴대폰 본인인증 완료 후 계좌 등록
460	커머스	패션	무신사	앱	결제	카드 간편결제 등록하기	카드 정보 입력 후 카드 등록
461	커머스	패션	무신사	앱	결제	휴대폰 본인인증하기	휴대폰 본인인증하기
462	커머스	패션	무신사	앱	결제	토스 결제하기	토스 앱을 통해 결제
463	커머스	패션	무신사	앱	결제	카드 결제하기	신용/체크 카드 앱을 통해 결제
464	커머스	패션	무신사	앱	결제	가상 계좌 발급하기	사용자가 주문한 금액과 선택한 은행으로 가상 계좌번호를 발급
465	커머스	패션	무신사	앱	결제	가상 계좌 결제하기	가상 계좌번호에 입금 기한 내 금액 입금 시 결제 완료 처리
466	커머스	패션	무신사	앱	결제	Apple Pay 결제	Apple Pay 앱을 통해 결제
467	커머스	패션	무신사	앱	결제	휴대폰 결제하기	휴대폰 본인인증 완료 후 결제
468	커머스	패션	무신사	앱	결제	카카오페이 결제하기	카카오페이 앱 인증을 통해 결제
469	커머스	패션	무신사	앱	결제	네이버페이 결제하기	네이버페이 페이지를 통해 결제
470	커머스	패션	무신사	앱	결제	PAYCO 결제하기	PAYCO 앱을 통해 결제
471	커머스	패션	무신사	앱	결제	간편 결제 수단 조회하기	간편결제수단 리스트 조회
472	커머스	패션	무신사	앱	결제	간편 결제 수단 별명 설정하기	간편결제수단 별명 등록
473	커머스	패션	무신사	앱	결제	간편 결제 수단 삭제하기	간편결제수단 삭제
474	커머스	패션	무신사	앱	결제	간편 결제 비밀번호 변경하기	간편 결제 비밀번호 변경
475	커머스	패션	무신사	앱	결제	간편 결제 시 생체 인증 등록하기	간편 결제 생체 인증 등록
476	커머스	패션	무신사	앱	결제	환불 계좌 등록하기	환불 계좌 정보 등록
477	커머스	패션	무신사	앱	결제	환불 계좌 수정하기	환불 계좌 정보 수정
478	커머스	패션	무신사	앱	결제	환불 계좌 삭제하기	환불 계좌 정보 삭제
479	커머스	패션	무신사	앱	결제	결제 내역 영수증 보기	결제 내역 영수증 조회
480	커머스	패션	무신사	앱	리뷰 관리	상품 구매 후기 조회하기	상품에 대해 작성된 리뷰 리스트 조회
481	커머스	패션	무신사	앱	리뷰 관리	상품 구매 후기 필터링하기	사용자가 원하는 옵션이 포함된 후기 리스트 조회
482	커머스	패션	무신사	앱	리뷰 관리	상품 구매 후기 정렬하기	사용자가 원하는 옵션으로 정렬된 후기 리스트 조회
483	커머스	패션	무신사	앱	리뷰 관리	상품 구매 현황 그래프 보기	총 구매 갯수와 연령, 성별 비율 조회
484	커머스	패션	무신사	앱	리뷰 관리	입력한 사이즈와 유사한 체형 후기 보기	사용자가 등록한 사이즈를 기준으로 유사한 체형의 타사용자의 상품 후기 리스트를 조회
485	커머스	패션	무신사	앱	리뷰 관리	후기 사진 모아보기	상품 후기 사진들만 모아 조회
486	커머스	패션	무신사	앱	리뷰 관리	후기 사진 확대하기	상품 후기 사진 확대하기
487	커머스	패션	무신사	앱	리뷰 관리	후기 도움돼요 평가하기	후기에 대해 도움이 돼요 버튼을 눌러 평가
488	커머스	패션	무신사	앱	리뷰 관리	후기 좋아요 평가하기	후기에 대해 좋아요 버튼을 눌러 평가
489	커머스	패션	무신사	앱	리뷰 관리	후기 신고하기	후기 신고하기
490	커머스	패션	무신사	앱	리뷰 관리	후기 숨기기	후기 숨기기
491	커머스	패션	무신사	앱	리뷰 관리	스타일 후기 작성하기	상품을 착용한 전신 사진과 별점, 배송, 포장, 상품 내용 작성
492	커머스	패션	무신사	앱	리뷰 관리	상품 사진 후기 작성하기	포장을 제거한 미착용 상품 사진과 별점, 배송, 포장, 상품 내용 작성
493	커머스	패션	무신사	앱	리뷰 관리	일반 후기 작성하기	별점, 배송, 포장, 상품 내용 작성
494	커머스	패션	무신사	앱	리뷰 관리	나의 후기 내역 조회하기	사용자가 작성했던 리뷰 리스트 조회
495	커머스	패션	무신사	앱	이벤트	미션 리스트 조회	포인트를 받을 수 있는 미션 리스트 조회
496	커머스	패션	무신사	앱	이벤트	미션 참여 후 포인트 받기	포인트를 받을 수 있는 미션 참여 후 포인트 받기
497	커머스	패션	무신사	앱	이벤트	스티커 조회하기	활동 내역 달성 시 발급되는 스티커 리스트 조회
498	커머스	패션	무신사	앱	이벤트	활동내역 달성 후 스티커 받기	활동 내역 달성 후 스티커 받기
499	커머스	패션	무신사	앱	체험단	체험단 이벤트 목록 조회하기	체험단 이벤트 리스트 조회
500	커머스	패션	무신사	앱	체험단	체험단 이벤트 상세 내용 조회하기	체험단 이벤트 상세 조회
501	커머스	패션	무신사	앱	체험단	체험단 이벤트 정보 공유하기	체험단 이벤트 상세 정보 링크 공유
502	커머스	패션	무신사	앱	체험단	체험단 이벤트 신청하기	체험단 이벤트 신청
503	커머스	패션	무신사	앱	체험단	체험단 이벤트 좋아요 평가하기	체험단 이벤트 좋아요 평가
504	커머스	패션	무신사	앱	체험단	체험단 이벤트 댓글 쓰기	체험단 이벤트 댓글 쓰기
505	커머스	패션	무신사	앱	체험단	체험단 이벤트 오픈 소식 알림 신청하기	체험단 이벤트 오픈 소식 알림 신청
506	커머스	패션	무신사	앱	체험단	체험단 이벤트 필터링하기	사용자가 선택한 옵션을 포함하는 체험단 이벤트 리스트 조회
507	커머스	패션	무신사	앱	상품 보관	좋아요한 상품 조회하기	사용자가 좋아요한 상품 목록 조회하기
508	커머스	패션	무신사	앱	상품 보관	좋아요한 상품 정렬하기	사용자가 선택한 옵션에 맞게 정렬된 좋아요 상품 목록 조회하기
509	커머스	패션	무신사	앱	상품 보관	좋아요한 상품 필터링하기	사용자가 선택한 옵션을 포함하는 좋아요 상품 목록 조회하기
510	커머스	패션	무신사	앱	상품 보관	좋아요한 상품과 유사한 상품 추천하기	사용자가 좋아요한 상품과 유사한 상품 목록 추천
511	커머스	패션	무신사	앱	상품 보관	내 폴더 추가하기	상품 분류 폴더 생성
512	커머스	패션	무신사	앱	상품 보관	내 폴더 삭제하기	상품 분류 폴더 삭제
513	커머스	패션	무신사	앱	상품 보관	내 폴더 수정하기	상품 분류 폴더명 수정
514	커머스	패션	무신사	앱	상품 보관	좋아요한 상품 폴더에 담기	좋아요한 상품을 분류 폴더에 담기
515	커머스	패션	무신사	앱	상품 보관	폴더에서 좋아요한 상품 다른 폴더로 이동하기	좋아요한 상품을 다른 폴더로 이동하기
516	커머스	패션	무신사	앱	상품 보관	폴더에서 좋아요한 상품 삭제하기	좋아요한 상품을 폴더에서 삭제하기
517	커머스	패션	무신사	앱	상품 보관	좋아요한 브랜드 조회하기	좋아요한 브랜드 리스트 조회
518	커머스	패션	무신사	앱	상품 보관	좋아요한 스타일 조회하기	좋아요한 스타일 리스트 조회
519	커머스	패션	무신사	앱	계정관리	사이즈 정보 입력하기	사용자의 체형, 피부 등 사이즈 정보 등록
520	커머스	패션	무신사	앱	계정관리	사이즈 정보 수정하기	사용자의 체형, 피부 등 사이즈 정보 수정
521	커머스	패션	무신사	앱	계정관리	닉네임 수정하기	사용자 닉네임 수정
522	커머스	패션	무신사	앱	계정관리	회원 혜택 조회하기	사용자의 회원 등급 및 혜택 조회
523	커머스	패션	무신사	앱	계정관리	내 활동 내역 조회하기	패션톡, 스냅, 체험단, 래플, 큐레이터 활동 내역 조회
524	커머스	패션	무신사	앱	계정관리	저장된 캐시 데이터 삭제	사용자의 캐시 데이터 삭제
525	커머스	패션	무신사	앱	계정관리	프로필 이미지 수정하기	사용자의 크리에이터 페이지 프로필 이미지 수정
526	커머스	패션	무신사	앱	계정관리	개인 SNS 연동하기	사용자의 크리에이터 페이지 개인 SNS 링크 연결
527	커머스	패션	무신사	앱	계정관리	자기소개 수정하기	사용자의 크리에이터 페이지 자기소개 수정
528	커머스	패션	무신사	앱	계정관리	크루 지원하기	사용자의 크리에이터 크루 신청 지원
529	커머스	패션	무신사	앱	계정관리	작성한 글 리스트 조회하기	사용자가 작성한 글 리스트 조회
530	커머스	패션	무신사	앱	계정관리	댓글 쓴 글 리스트 조회하기	사용자가 남긴 댓글 리스트 조회
531	커머스	패션	무신사	앱	고객 지원	상품 문의하기	문의 유형, 옵션, 제목, 비밀글 여부, 내용, 사진 등록
532	커머스	패션	무신사	앱	고객 지원	상품 문의 목록 조회하기	상품에 대해 문의된 내역 조회
533	커머스	패션	무신사	앱	고객 지원	공지사항 조회하기	공지사항 리스트 조회
534	커머스	패션	무신사	앱	고객 지원	FAQ 조회하기	FAQ(자주묻는질문) 리스트 조회
535	커머스	패션	무신사	앱	고객 지원	FAQ 검색하기	키워드를 FAQ에 포함하는 FAQ 리스트 조회
536	커머스	패션	무신사	앱	고객 지원	1:1 문의하기	1:1 앱 내 문의하기
537	커머스	패션	무신사	앱	고객 지원	1:1 문의 내역 조회하기	1:1 문의 내역 조회
538	커머스	패션	무신사	앱	고객 지원	개선 의견 남기기	구글 설문 링크로 이동하여 의견 작성
539	커머스	패션	무신사	앱	고객 지원	카카오 채널 리서치 참여하기	카카오 비즈니스 채널에서 의견 작성
540	커머스	패션	무신사	앱	Auth	이메일 회원가입 하기	요구된 정보를 입력하여 회원가입
541	커머스	패션	무신사	앱	Auth	소셜 회원가입 하기	소셜 로그인 정보를 연동하여 회원가입
542	커머스	패션	무신사	앱	Auth	가입/이용 약관 동의하기	가입/이용을 위한 약관 조회 및 동의
543	커머스	패션	무신사	앱	Auth	휴대폰 본인인증 하기	입력한 휴대폰으로 인증 번호을 받아 휴대폰 인증하기
544	커머스	패션	무신사	앱	Auth	이메일 인증하기	입력한 이메일로 인증 메일을 받아 이메일 인증하기
545	커머스	패션	무신사	앱	Auth	휴대폰 인증을 통해 아이디 찾기	휴대폰 본인인증을 완료 후 아이디 조회
546	커머스	패션	무신사	앱	Auth	이메일 인증을 통해 아이디 찾기	이메일 본인인증을 완료 후 아이디 조회
547	커머스	패션	무신사	앱	Auth	휴대폰 인증을 통해 비밀번호 재설정 하기	휴대폰 본인인증을 완료 후 비밀번호 재설정
548	커머스	패션	무신사	앱	Auth	이메일 로그인하기	가입한 이메일 아이디 정보와 비밀번호를 입력하여 로그인
549	커머스	패션	무신사	앱	Auth	소셜 로그인하기	소셜 로그인 정보를 연동하여 로그인
550	커머스	패션	무신사	앱	Auth	이름 정보 수정하기	회원 정보 수정에서 휴대폰 인증 완료 후 이름 정보 수정
551	커머스	패션	무신사	앱	Auth	이메일 정보 수정하기	회원 정보 수정에서 이메일 인증 완료 후 이메일 정보 수정
552	커머스	패션	무신사	앱	Auth	휴대폰 번호 수정하기	회원 정보 수정에서 휴대폰 인증 완료 후 휴대폰 정보 수정
553	커머스	패션	무신사	앱	Auth	이메일 변경	이메일 인증 완료 후 이메일 수정
554	커머스	패션	무신사	앱	Auth	비밀번호 변경	비밀번호 변경
555	커머스	패션	무신사	앱	Auth	소셜 로그인 연동하기	소셜 로그인 연동
556	커머스	패션	무신사	앱	Auth	소셜 로그인 연동 해제하기	소셜 로그인 연동 해제
557	커머스	패션	무신사	앱	Auth	자동 로그인 기기 조회하기	자동 로그인 되어 있는 기기 목록 조회
558	커머스	패션	무신사	앱	Auth	자동 로그인 기기 해제하기	자동 로그인 되어 있는 기기 해제
559	커머스	패션	무신사	앱	Auth	탈퇴 시 이용 불가 항목 조회하기	탈퇴 시 이용 불가한 쿠폰, 혜택 등을 조회
560	커머스	패션	무신사	앱	Auth	탈퇴 유의사항 동의하기	탈퇴 유의사항에 대한 내용 조회 및 동의하기
561	커머스	패션	무신사	앱	Auth	탈퇴하기	비밀번호 인증 후 탈퇴
562	커머스	패션	무신사	앱	알림 설정	관심 브랜드 알림 켜기	관심 브랜드 관련 push 알림 켜기
563	커머스	패션	무신사	앱	알림 설정	관심 브랜드 알림 끄기	관심 브랜드 관련 push 알림 끄기
564	커머스	패션	무신사	앱	알림 설정	광고/이벤트 알림 켜기	광고/이벤트 관련 push 알림 켜기
565	커머스	패션	무신사	앱	알림 설정	광고/이벤트 알림 끄기	광고/이벤트 관련 push 알림 끄기
566	커머스	패션	무신사	앱	알림 설정	쿠폰 알림 켜기	쿠폰 관련 push 알림 켜기
567	커머스	패션	무신사	앱	알림 설정	쿠폰 알림 끄기	쿠폰 관련 push 알림 끄기
568	커머스	패션	무신사	앱	알림 설정	좋아요 알림 켜기	좋아요 관련 push 알림 켜기
569	커머스	패션	무신사	앱	알림 설정	좋아요 알림 끄기	좋아요 관련 push 알림 끄기
570	커머스	패션	무신사	앱	알림 설정	댓글 알림 켜기	댓글 관련 push 알림 켜기
571	커머스	패션	무신사	앱	알림 설정	댓글 알림 끄기	댓글 관련 push 알림 끄기
572	커머스	패션	무신사	앱	알림 설정	후기 알림 켜기	후기 관련 push 알림 켜기
573	커머스	패션	무신사	앱	알림 설정	후기 알림 끄기	후기 관련 push 알림 끄기
574	커머스	패션	무신사	앱	알림 설정	야간 푸쉬 알림 켜기	오후 9시~오전 8시에 push 알림 발송 켜기
575	커머스	패션	무신사	앱	알림 설정	야간 푸쉬 알림 끄기	오후 9시~오전 8시에 push 알림 발송 끄기
576	커머스	뷰티	화해	앱	Auth	이메일 회원가입 하기	요구된 정보를 입력하여 회원가입
577	커머스	뷰티	화해	앱	Auth	소셜 회원가입 하기	소셜 로그인 정보를 연동하여 회원가입
578	커머스	뷰티	화해	앱	Auth	가입/이용 약관 동의하기	가입/이용을 위한 약관 조회 및 동의
579	커머스	뷰티	화해	앱	Auth	이메일 인증하기	입력한 이메일로 인증 메일을 받아 이메일 인증하기
580	커머스	뷰티	화해	앱	Auth	휴대폰 본인인증 하기	입력한 휴대폰으로 인증 번호을 받아 휴대폰 인증하기
581	커머스	뷰티	화해	앱	Auth	이메일 인증을 통해 비밀번호 재설정 하기	인증 이메일 속 링크를 통해 비밀번호 재설정하기
582	커머스	뷰티	화해	앱	Auth	이메일 로그인하기	가입한 이메일 아이디 정보와 비밀번호를 입력하여 로그인
583	커머스	뷰티	화해	앱	Auth	소셜 로그인하기	소셜 로그인 정보를 연동하여 로그인
584	커머스	뷰티	화해	앱	Auth	회원 정보 수정하기	닉네임, 성별, 연령, 자녀 여부 수정
585	커머스	뷰티	화해	앱	Auth	로그아웃하기	로그아웃
586	커머스	뷰티	화해	앱	Auth	탈퇴하기	탈퇴하기 버튼을 클릭해 탈퇴
587	커머스	뷰티	화해	앱	계정 관리	관심 태그 등록하기	가입 시 피부, 두피, 건강 관련 관심 태그 등록
588	커머스	뷰티	화해	앱	계정 관리	관심 태그 수정하기	가입 시 등록한 피부, 두피, 건강 관련 태그 수정
589	커머스	뷰티	화해	앱	계정 관리	프로필 사진 등록하기	프로필 사진 등록하기
590	커머스	뷰티	화해	앱	계정 관리	프로필 사진 촬영하기	프로필 사진 촬영하기
591	커머스	뷰티	화해	앱	계정 관리	프로필 사진 수정하기	프로필 사진 수정하기
592	커머스	뷰티	화해	앱	계정 관리	프로필 사진 삭제하기	프로필 사진 삭제하기
593	커머스	뷰티	화해	앱	계정 관리	브랜드 즐겨찾기에 저장하기	브랜드 하트 버튼을 눌러 즐겨찾기 저장
594	커머스	뷰티	화해	앱	계정 관리	브랜드 즐겨찾기 목록 조회하기	브랜드 즐겨찾기 리스트 조회
595	커머스	뷰티	화해	앱	계정 관리	브랜드 즐겨찾기에서 삭제하기	브랜드 즐겨찾기 삭제
596	커머스	뷰티	화해	앱	계정 관리	제품 즐겨찾기 폴더에 저장하기	제품 하트 버튼을 눌러 즐겨찾기 폴더에 저장
597	커머스	뷰티	화해	앱	계정 관리	제품 즐겨찾기 목록 조회하기	제품 즐겨찾기 폴더 속 리스트 조회
598	커머스	뷰티	화해	앱	계정 관리	제품 즐겨찾기 폴더에서 삭제하기	제품 즐겨찾기 폴더에서 삭제
599	커머스	뷰티	화해	앱	계정 관리	즐겨찾기 폴더 목록 조회하기	즐겨찾기 폴더 리스트 조회
600	커머스	뷰티	화해	앱	계정 관리	즐겨찾기 폴더 생성하기	즐겨찾기 폴더 생성
601	커머스	뷰티	화해	앱	계정 관리	즐겨찾기 폴더 삭제하기	즐겨찾기 폴더 삭제
602	커머스	뷰티	화해	앱	계정 관리	즐겨찾기 폴더명 수정하기	즐겨찾기 폴더명 수정
603	커머스	뷰티	화해	앱	계정 관리	제품 성분 즐겨찾기 폴더에 저장하기	제품 성분 하트 버튼을 눌러 즐겨찾기 폴더에 저장
604	커머스	뷰티	화해	앱	계정 관리	제품 성분 즐겨찾기 폴더 목록 조회하기	제품 성분 즐겨찾기 폴더 속 리스트 조회
605	커머스	뷰티	화해	앱	계정 관리	제품 성분 즐겨찾기 폴더에서 삭제하기	제품 성분 즐겨찾기 폴더에서 삭제
606	커머스	뷰티	화해	앱	상품 보관	제품 찜하기	하트 버튼을 눌러 상품 찜하기
607	커머스	뷰티	화해	앱	상품 보관	제품 찜 삭제하기	하트 버튼을 다시 눌러 상품 찜 취소
608	커머스	뷰티	화해	앱	상품 보관	찜한 상품 목록 보기	찜한 상품 리스트 조회
609	커머스	뷰티	화해	앱	주문	상품 장바구니 넣기	장바구니 버튼을 눌러 상품 장바구니 넣기
610	커머스	뷰티	화해	앱	주문	상품 장바구니 빼기	엑스 버튼을 눌러 상품 장바구니 빼기
611	커머스	뷰티	화해	앱	주문	상품 옵션 수정하기	장바구니에서 상품 옵션 수정하기
612	커머스	뷰티	화해	앱	주문	상품 주문하기	상품 주문하기 버튼을 눌러 상품 주문
613	커머스	뷰티	화해	앱	주문	상품 주문 취소하기	주문 취소 버튼을 눌러 상품 주문 취소
614	커머스	뷰티	화해	앱	주문	주문/배송 조회하기	주문/배송 내역 리스트 조회
615	커머스	뷰티	화해	앱	주문	주문 내역 상세 조회하기	주문, 결제, 취소, 환불, 배송 내역 상세 조회
616	커머스	뷰티	화해	앱	결제	쿠폰 할인 적용하기	사용자가 선택한 쿠폰을 적용하여 결제
617	커머스	뷰티	화해	앱	결제	포인트 적용하기	사용자가 보유한 포인트를 사용자가 입력한 금액만큼 차감하여 결제
618	커머스	뷰티	화해	앱	결제	신용/체크 카드 결제하기	신용/체크 카드사 앱을 통한 결제
619	커머스	뷰티	화해	앱	결제	실시간 계좌 이체하기	뱅크페이 앱을 통한 실시간 계좌이체 결제
620	커머스	뷰티	화해	앱	결제	네이버 페이 결제하기	네이버페이 페이지를 통해 결제
621	커머스	뷰티	화해	앱	결제	토스 페이 결제하기	토스 앱을 통해 결제
622	커머스	뷰티	화해	앱	결제	카카오페이 결제하기	카카오페이 앱 인증을 통해 결제
623	커머스	뷰티	화해	앱	결제	PAYCO 결제하기	PAYCO 앱을 통해 결제
624	커머스	뷰티	화해	앱	배송 관리	배송 정보 추가하기	배송 정보 추가
625	커머스	뷰티	화해	앱	배송 관리	배송 정보 삭제하기	배송 정보 삭제
626	커머스	뷰티	화해	앱	고객지원	자주묻는질문 조회하기	자주묻는질문 리스트 조회
627	커머스	뷰티	화해	앱	고객지원	서비스 문의하기	문의 유형, 문의 제목, 문의 내용, 답변 받을 이메일 입력하여 앱 내 문의
628	커머스	뷰티	화해	앱	고객지원	제품 등록 요청하기	정보가 없는 제품의 정보를 입력하여 앱 내 등록 요청
629	커머스	뷰티	화해	앱	고객지원	광고/제휴 문의하기	비즈니스 관련 광고/제휴 문의 작성
630	커머스	뷰티	화해	앱	결제	사용 가능한 포인트 조회하기	사용 가능한 포인트 금액 조회
631	커머스	뷰티	화해	앱	결제	포인트 내역 조회하기	포인트 내역 조회
632	커머스	뷰티	화해	앱	결제	보유 쿠폰 조회하기	보유 쿠폰 리스트를 조회
633	커머스	뷰티	화해	앱	결제	발급 가능한 쿠폰 조회하기	발급 가능한 쿠폰 리스트를 조회
634	커머스	뷰티	화해	앱	결제	쿠폰 다운로드 하기	쿠폰 다운로드
635	커머스	뷰티	화해	앱	결제	쿠폰 등록하기	쿠폰 번호를 입력하여 쿠폰 등록
636	커머스	뷰티	화해	앱	결제	쿠폰 필터링하기	사용자가 선택한 옵션에 해당하는 쿠폰 리스트를 조회
637	커머스	뷰티	화해	앱	이벤트 	이벤트 체크하기	출석, 날씨 체크 버튼을 눌러 이벤트 참여하기
638	커머스	뷰티	화해	앱	이벤트 	미션 달성 후 할인 쿠폰 받기	미션 달성에 따른 할인 쿠폰 및 포인트 받기
639	커머스	뷰티	화해	앱	이벤트 	초대 코드 부여하기	훠원별로 고유 초대 코드 발급하기
640	커머스	뷰티	화해	앱	이벤트 	초대 코드 공유하기	초대 코드 공유하기 버튼 클릭 시 사용자 클립 보드에 복사하기
641	커머스	뷰티	화해	앱	이벤트 	초대 코드 입력하기	초대 코드 입력하여 이벤트 참여하기
642	커머스	뷰티	화해	앱	체험단	체험단 이벤트 목록 조회하기	체험단 이벤트 리스트 조회
643	커머스	뷰티	화해	앱	체험단	체험단 이벤트 상세 보기	체험단 이벤트 상세 조회
644	커머스	뷰티	화해	앱	체험단	체험단 이벤트 공유하기	체험단 이벤트 상세 링크 공유
645	커머스	뷰티	화해	앱	체험단	체험단 이벤트 찜하기	체험단 이벤트 찜하기
646	커머스	뷰티	화해	앱	체험단	체험단 이벤트 찜 취소하기	체험단 이벤트 찜 취소
647	커머스	뷰티	화해	앱	체험단	체험단 이벤트 신청하기	체험단 이벤트 신청
648	커머스	뷰티	화해	앱	체험단	이벤트 신청 내역 조회하기	체험단 이벤트 신청 리스트 조회
649	커머스	뷰티	화해	앱	체험단	이벤트 신청 내역 상세 조회하기	체험단 이벤트 신청 내역 상세 조회
650	커머스	뷰티	화해	앱	체험단	이벤트 신청 취소하기	체험단 이벤트 신청 취소
651	커머스	뷰티	화해	앱	체험단	이벤트 당첨 내역 조회하기	체험단 이벤트 당첨 리스트 조회
652	커머스	뷰티	화해	앱	체험단	찜한 이벤트 목록 조회하기	찜한 이벤트 목록 조회
653	커머스	뷰티	화해	앱	상품 조회	카테고리별 제품 목록 조회하기	유형 카테고리별로 분류된 제품 리스트 조회
654	커머스	뷰티	화해	앱	상품 조회	인기 기획전 조회하기	브랜드의 기획 제품 리스트 조회
655	커머스	뷰티	화해	앱	상품 조회	실시간 판매 랭킹 조회하기	실시간 판매량을 분석한 제품 리스트 조회
656	커머스	뷰티	화해	앱	상품 조회	주간 쇼핑 랭킹 조회하기	주간 판매량을 분석한 제품 리스트 조회
657	커머스	뷰티	화해	앱	상품 조회	어워드 제품 목록 조회하기	연 2회 개최되는 어워드에서 당선된 제품 리스트 조회
658	커머스	뷰티	화해	앱	상품 조회	제품 필터링하기	사용자가 원하는 옵션이 포함된 제품 리스트 조회
659	커머스	뷰티	화해	앱	상품 조회	제품 정렬하기	사용자가 원하는 옵션으로 정렬된 제품 리스트 조회
660	커머스	뷰티	화해	앱	상품 조회	제품 랭킹 조회하기	연령, 피부, 조회수, 베스트, 브랜드별 제품 랭킹 리스트 조회
661	커머스	뷰티	화해	앱	상품 조회	제품 랭킹 필터링하기	사용자가 원하는 옵션이 포함된 제품 랭킹 리스트 조회
662	커머스	뷰티	화해	앱	상품 조회	특가 제품 목록 조회하기	특가 제품 리스트 조회
663	커머스	뷰티	화해	앱	상품 조회	샘플 제품 리스트 조회하기	신청 가능한 샘플 제품 리스트 조회
664	커머스	뷰티	화해	앱	상품 조회	제품 검색하기	키워드를 포함하는 제품 리스트 조회
665	커머스	뷰티	화해	앱	상품 조회	성분으로 제품 검색하기	포함 성분과 제외 성분을 입력하여 적용되는 제품 리스트 조회
666	커머스	뷰티	화해	앱	상품 조회	제품 상세 조회하기	제품 상세 정보 조회
667	커머스	뷰티	화해	앱	상품 조회	제품 공유하기	제품 상세 링크를 공유
668	커머스	뷰티	화해	앱	상품 조회	제품 비교함 담기	비교함에 최대 3개의 제품 담기
669	커머스	뷰티	화해	앱	상품 조회	제품 비교하기	비교함에 담은 제품 별 평점, 가격, 키워드, 랭킹, 성분 비교표 조회
670	커머스	뷰티	화해	앱	상품 추천	현재 조회 제품 카테고리의 인기 제품 추천하기	현재 조회 제품 카테고리의 인기 제품 리스트 조회
671	커머스	뷰티	화해	앱	상품 추천	현재 조회 제품과 성분이 유사한 제품 추천하기	현재 조회 제품과 유사 성분을 가진 제품 리스트 조회
672	커머스	뷰티	화해	앱	성분 조회	성분 검색하기	키워드를 포함하는 성분 리스트 조회
673	커머스	뷰티	화해	앱	성분 조회	성분 정보 조회하기	유형과 피부타입에 따라 분류된 성분 정보 리스트 조회
674	커머스	뷰티	화해	앱	성분 조회	최근 검색 성분 검색어 조회하기	사용자가 최근 검색한 성분 검색어 조회
675	커머스	뷰티	화해	앱	성분 조회	제품 정보 수정 요청하기	제품 정보에 대해 수정 필요한 내용을 앱 내 요청
676	커머스	뷰티	화해	앱	성분 조회	제품 정보 수정 요청 사진 촬영하기	제품 정보에 대해 수정 필요한 내용 사진 촬영
677	커머스	뷰티	화해	앱	성분 조회	제품 정보 수정 요청 사진 첨부하기	제품 정보에 대해 수정 필요한 내용 사진 첨부
678	커머스	뷰티	화해	앱	성분 조회	제품 구성 성분 리스트 조회하기	사용자가 선택한 제품의 구성 성분 리스트 조회
679	커머스	뷰티	화해	앱	성분 조회	성분 상세 조회하기	성분 정보 상세 조회
680	커머스	뷰티	화해	앱	뷰티 콘텐츠	뷰티 콘텐츠 목록 보기	뷰티 콘텐츠 리스트 조회
681	커머스	뷰티	화해	앱	뷰티 콘텐츠	뷰티 콘텐츠 필터링하기	사용자가 선택한 옵션의 뷰티 콘텐츠 리스트 조회
682	커머스	뷰티	화해	앱	뷰티 콘텐츠	뷰티 콘텐츠 상세 보기	뷰티 콘텐츠 상세 조회
683	커머스	뷰티	화해	앱	뷰티 콘텐츠	뷰티 콘텐츠 공유하기	뷰티 콘텐츠 상세 링크 공유
684	커머스	뷰티	화해	앱	뷰티 콘텐츠	뷰티 콘텐츠 스크랩하기	뷰티 콘텐츠 스크랩 저장
685	커머스	뷰티	화해	앱	뷰티 콘텐츠	뷰티 콘텐츠 스크랩 취소하기	뷰티 콘텐츠 스크랩 취소
686	커머스	뷰티	화해	앱	뷰티 콘텐츠	뷰티 콘텐츠 스크랩 목록 보기	뷰티 콘텐츠 스크랩 리스트 조회
687	커머스	뷰티	화해	앱	뷰티 콘텐츠	뷰티 콘텐츠 좋아요 평가하기	뷰티 콘텐츠 좋아요 평가
688	커머스	뷰티	화해	앱	뷰티 콘텐츠	뷰티 콘텐츠 댓글 쓰기	뷰티 콘텐츠 댓글 쓰기
689	커머스	뷰티	화해	앱	뷰티 콘텐츠	뷰티 콘텐츠 답글 쓰기	뷰티 콘텐츠 댓글에 답글 쓰기
690	커머스	뷰티	화해	앱	뷰티 콘텐츠	뷰티 콘텐츠 댓글 신고하기	뷰티 콘텐츠 댓글 신고하기
691	커머스	뷰티	화해	앱	뷰티 콘텐츠	뷰티 콘텐츠 에디터 콘텐츠 보기	뷰티 콘텐츠 작성 에디터의 작성한 콘텐츠 리스트 조회
692	커머스	뷰티	화해	앱	뷰티 콘텐츠	이번 주 인기 뷰티 콘텐츠 추천 받기	이번주 인기 뷰티 콘텐츠 리스트 조회
693	커머스	뷰티	화해	앱	리뷰 관리	리뷰 토픽 조회하기	리뷰에서 많이 언급된 제품 특성을 시간별로 업데이트하여 조회
694	커머스	뷰티	화해	앱	리뷰 관리	피부 맞춤 리뷰 조회하기	사용자가 등록한 피부 태그와 일치하는 리뷰 리스트 조회
695	커머스	뷰티	화해	앱	리뷰 관리	나의 리뷰 조회하기	사용자가 작성한 리뷰 리스트 조회
696	커머스	뷰티	화해	앱	리뷰 관리	상품 리뷰 조회하기	상품에 대해 작성된 리뷰 리스트 조회
697	커머스	뷰티	화해	앱	리뷰 관리	리뷰 사진 모아보기	사용자들이 올린 리뷰 사진 모아보기
698	커머스	뷰티	화해	앱	리뷰 관리	리뷰 사진 확대하기	리뷰 사진 확대하기
699	커머스	뷰티	화해	앱	리뷰 관리	리뷰 필터링하기	사용자가 선택한 옵션에 맞는 리뷰 리스트 조회
700	커머스	뷰티	화해	앱	리뷰 관리	리뷰 정렬하기	사용자가 선택한 옵션에 맞게 정렬된 리뷰 리스트 조회
701	커머스	뷰티	화해	앱	리뷰 관리	리뷰 스크랩하기	리뷰 스크랩 저장
702	커머스	뷰티	화해	앱	리뷰 관리	리뷰 댓글 달기	리뷰에 댓글 쓰기
703	커머스	뷰티	화해	앱	리뷰 관리	리뷰 댓글 삭제하기	리뷰에 댓글 삭제하기
704	커머스	뷰티	화해	앱	리뷰 관리	리뷰 좋아요 평가하기	좋아요 버튼을 통해 리뷰 평가하기
705	커머스	뷰티	화해	앱	리뷰 관리	리뷰 작성하기	리뷰 작성하기
706	커머스	뷰티	화해	앱	리뷰 관리	리뷰 가이드 첨부하기	리뷰에 가이드 사진을 첨부하기
707	커머스	뷰티	화해	앱	리뷰 관리	리뷰 사진 첨부하기 	리뷰에 사진을 첨부하기
708	커머스	뷰티	화해	앱	리뷰 관리	리뷰 사진 촬영하기	리뷰에 첨부할 사진을 촬영하기
709	커머스	뷰티	화해	앱	리뷰 관리	리뷰 검수하기	운영 가이드라인에 맞는 리뷰인지 운영진 검토
710	커머스	뷰티	화해	앱	알림 설정	뷰티 콘텐츠 알림 켜기	뷰티 콘텐츠 알림 켜기
711	커머스	뷰티	화해	앱	알림 설정	뷰티 콘텐츠 알림 끄기	뷰티 콘텐츠 알림 끄기
712	커머스	뷰티	화해	앱	알림 설정	요청 제품 알림 켜기	요청 제품 알림 켜기
713	커머스	뷰티	화해	앱	알림 설정	요청 제품 알림 끄기	요청 제품 알림 끄기
714	커머스	뷰티	화해	앱	알림 설정	댓글 알림 켜기	댓글 알림 켜기
715	커머스	뷰티	화해	앱	알림 설정	댓글 알림 끄기	댓글 알림 끄기
716	커머스	뷰티	화해	앱	알림 설정	이벤트 알림 켜기	이벤트 알림 켜기
717	커머스	뷰티	화해	앱	알림 설정	이벤트 알림 끄기	이벤트 알림 끄기
718	커머스	뷰티	화해	앱	알림 설정	구매한 상품의 리뷰 요청 알림 켜기	구매한 상품의 리뷰 요청 알림 켜기
719	커머스	뷰티	화해	앱	알림 설정	구매한 상품의 리뷰 요청 알림 끄기	구매한 상품의 리뷰 요청 알림 끄기
720	커머스	뷰티	화해	앱	알림 설정	쇼핑 마케팅 정보 알림 켜기	쇼핑 마케팅 정보 알림 켜기
721	커머스	뷰티	화해	앱	알림 설정	쇼핑 마케팅 정보 알림 끄기	쇼핑 마케팅 정보 알림 끄기
722	의료/제약/헬스케어	의료	닥터나우	앱	검색하기	증상, 질병, 병원 통합 검색하기	증상, 질병, 병원 을 검색하여  키워드에 해당하는 비대면 진료, 질병, 병원, 상담, 건강 백과 리스트 통합 조회
723	의료/제약/헬스케어	의료	닥터나우	앱	검색하기	검색 시 최근 검색어 조회하기	검색 창에서 사용자가 검색한 검색어 조회
724	의료/제약/헬스케어	의료	닥터나우	앱	검색하기	검색 시 많이 검색된 질병 태그 조회하기	검색 창에서 많이 검색된 질병 태그 조회
725	의료/제약/헬스케어	의료	닥터나우	앱	검색하기	검색 시 많이 검색된 증상 랭킹 조회하기	검색 창에서 많이 검색된 증상 랭킹 조회
726	의료/제약/헬스케어	의료	닥터나우	앱	검색하기	병원 검색하기	병원 이름, 지역, 과목, 증상 을 검색하여 키워드에 해당하는 병원 리스트 조회
727	의료/제약/헬스케어	의료	닥터나우	앱	검색하기	의료상담 검색하기	과목, 증상 을 검색하여 키워드에 해당하는 의료상담 리스트 조회
728	의료/제약/헬스케어	의료	닥터나우	앱	검색하기	커뮤니티 검색하기 	키워드에 해당하는 커뮤니티 글 리스트 조회
729	의료/제약/헬스케어	의료	닥터나우	앱	검색하기	검색 시 자주 찾는 검색어 랭킹 조회하기	검색 창에서 자주 찾는검색어 랭킹 조회
730	의료/제약/헬스케어	의료	닥터나우	앱	검색하기	인기 검색어 태그 조회하기	인기 검색어 태그 조회
731	의료/제약/헬스케어	의료	닥터나우	앱	병원 조회	태그별 병원 목록 보기	증상 태그별로 분류된 병원 리스트 조회
732	의료/제약/헬스케어	의료	닥터나우	앱	병원 조회	카테고리별 병원 목록 보기	진료 카테고리별로 구분된 병원 리스트 조회
733	의료/제약/헬스케어	의료	닥터나우	앱	병원 조회	병원 필터링 하기	사용자가 선택한 옵션에 해당하는 병원 리스트 조회
734	의료/제약/헬스케어	의료	닥터나우	앱	병원 조회	병원 정렬하기	사용자가 선택한 옵션으로 정렬된 병원 리스트 조회
735	의료/제약/헬스케어	의료	닥터나우	앱	병원 조회	병원 정보 상세 조회	병원 정보 상세 조회
736	의료/제약/헬스케어	의료	닥터나우	앱	병원 조회	병원 정보 공유하기	병원 정보 상세 링크 공유
737	의료/제약/헬스케어	의료	닥터나우	앱	병원 조회	병원 전화하기	사용자 기기에 병원 전화번호를 연결
738	의료/제약/헬스케어	의료	닥터나우	앱	병원 조회	병원 알림 신청하기	병원 정보 추가 시 알림 신청
739	의료/제약/헬스케어	의료	닥터나우	앱	병원 조회	병원 후기 조회	병원 방문 후기 리스트 조회
740	의료/제약/헬스케어	의료	닥터나우	앱	병원 조회	병원 후기 필터링하기	사용자가 선택한 옵션에 해당하는 리스트 조회
741	의료/제약/헬스케어	의료	닥터나우	앱	병원 조회	병원 후기 정렬하기	사용자가 선택한 옵션으로 정렬된 병원 방문 후기 리스트 조회
742	의료/제약/헬스케어	의료	닥터나우	앱	병원 조회	병원 지도 보기	병원 위치 지도 보기
743	의료/제약/헬스케어	의료	닥터나우	앱	의료 콘텐츠	질병 백과 리스트보기	질병 리스트 조회
744	의료/제약/헬스케어	의료	닥터나우	앱	의료 콘텐츠	질병 정보 상세 보기	질병 정보 상세 조회
745	의료/제약/헬스케어	의료	닥터나우	앱	의료 콘텐츠	건강 매거진 리스트 보기	건강 매거진 리스트 조회
746	의료/제약/헬스케어	의료	닥터나우	앱	의료 콘텐츠	건강 매거진 상세 보기	건강 매거진 상세 조회
747	의료/제약/헬스케어	의료	닥터나우	앱	의료 콘텐츠	건강 매거진 좋아요 평가하기	건강 매거진 좋아요 평가
748	의료/제약/헬스케어	의료	닥터나우	앱	의료 콘텐츠	건강 매거진 공유하기	건강 매거진 상세 링크 공유
749	의료/제약/헬스케어	의료	닥터나우	앱	커뮤니티	실시간 의료상담 목록 보기	실시간 의료 상담 리스트 조회
750	의료/제약/헬스케어	의료	닥터나우	앱	커뮤니티	방금 올라온 질문 목록 보기	방금 올라온 질문 리스트 조회
751	의료/제약/헬스케어	의료	닥터나우	앱	커뮤니티	의료상담 필터링 하기	사용자가 선택한 옵션에 해당하는 의료상담 리스트 조회
752	의료/제약/헬스케어	의료	닥터나우	앱	커뮤니티	의료상담 상세 보기	의료상담 상세 조회
753	의료/제약/헬스케어	의료	닥터나우	앱	커뮤니티	의료상담 내용 보관하기 	의료상담 상세 내용 보관
754	의료/제약/헬스케어	의료	닥터나우	앱	커뮤니티	의료상담 내용 공유하기	의료상담 상세 링크 공유
755	의료/제약/헬스케어	의료	닥터나우	앱	커뮤니티	의료상담 게시글 신고하기	의료상담 게시글 신고하기
756	의료/제약/헬스케어	의료	닥터나우	앱	커뮤니티	의료상담 작성자 신고하기	의료상담 작성자 신고하기
757	의료/제약/헬스케어	의료	닥터나우	앱	커뮤니티	의료상담 작성자 차단하기	의료상담 작성자 차단하기
758	의료/제약/헬스케어	의료	닥터나우	앱	커뮤니티	의료상담 답변 만족해요 평가하기	의료상담에 달린 답변 내용 만족해요 평가하기
759	의료/제약/헬스케어	의료	닥터나우	앱	커뮤니티	의료상담 답변 아쉬워요 평가하기	의료상담에 달린 답변 내용 아쉬워요 평가하기
760	의료/제약/헬스케어	의료	닥터나우	앱	커뮤니티	의료상담 답변 신고하기	의료상담에 달린 답변 내용 신고하기
761	의료/제약/헬스케어	의료	닥터나우	앱	커뮤니티	실시간 의료상담 질문 글 작성하기	실시간 의료상담 질문 글 작성하기
762	의료/제약/헬스케어	의료	닥터나우	앱	커뮤니티	실시간 의료상담 질문 글에 사진 첨부하기	실시간 의료상담 질문 글에 사진 첨부하기
763	의료/제약/헬스케어	의료	닥터나우	앱	커뮤니티	실시간 의료상담 질문 글에 사진 촬영하기	실시간 의료상담 질문 글에 사진 촬영하기
764	의료/제약/헬스케어	의료	닥터나우	앱	커뮤니티	실시간 의료상담 답변 평가하기	사용자의 실시간 의료상담 질문글에 답변된 실시간 고민 해결사의 답변 평가하기
765	의료/제약/헬스케어	의료	닥터나우	앱	커뮤니티	자주 찾는 의료상담 키워드 태그 조회하기	자주 찾는 의료상담 키워드 태그 조회
766	의료/제약/헬스케어	의료	닥터나우	앱	커뮤니티	베스트 질문 목록 보기	베스트 질문 리스트 조회
767	의료/제약/헬스케어	의료	닥터나우	앱	커뮤니티	카테고리별 커뮤니티 글 목록 보기	질문 카테고리별로 분류된 커뮤니티 리스트 조회
768	의료/제약/헬스케어	의료	닥터나우	앱	커뮤니티	커뮤니티 글 목록 보기	커뮤니티 리스트 조회
769	의료/제약/헬스케어	의료	닥터나우	앱	커뮤니티	커뮤니티 글 상세 보기	커뮤니티 글 상세 조회
770	의료/제약/헬스케어	의료	닥터나우	앱	커뮤니티	커뮤니티 게시글 신고하기	커뮤니티 게시글 신고하기
771	의료/제약/헬스케어	의료	닥터나우	앱	커뮤니티	커뮤니티 글 작성자 신고하기	커뮤니티 글 작성자 신고하기
772	의료/제약/헬스케어	의료	닥터나우	앱	커뮤니티	커뮤니티 글 공감해요 평가하기	커뮤니티 글 공감해요 평가하기
773	의료/제약/헬스케어	의료	닥터나우	앱	커뮤니티	커뮤니티 글 공유하기	커뮤니티 글 상세 링크 공유
774	의료/제약/헬스케어	의료	닥터나우	앱	커뮤니티	커뮤니티 글 댓글 쓰기	커뮤니티 글 댓글 쓰기
775	의료/제약/헬스케어	의료	닥터나우	앱	커뮤니티	커뮤니티 글 답글 쓰기	커뮤니티 글 답글 쓰기
776	의료/제약/헬스케어	의료	닥터나우	앱	커뮤니티	커뮤니티 댓글 신고하기	커뮤니티 댓글 신고하기
777	의료/제약/헬스케어	의료	닥터나우	앱	커뮤니티	커뮤니티 댓글 공감해요 평가하기	커뮤니티 댓글 공감해요 평가하기
778	의료/제약/헬스케어	의료	닥터나우	앱	커뮤니티	커뮤니티 댓글 삭제하기	커뮤니티 댓글 삭제하기
779	의료/제약/헬스케어	의료	닥터나우	앱	커뮤니티	커뮤니티 글쓰기	커뮤니티 글 작성
780	의료/제약/헬스케어	의료	닥터나우	앱	커뮤니티	커뮤니티 글에 사진 첨부하기	커뮤니티 글에 사진 첨부하기
781	의료/제약/헬스케어	의료	닥터나우	앱	커뮤니티	커뮤니티 글에 사진 촬영하기	커뮤니티 글에 사진 촬영하기
782	의료/제약/헬스케어	의료	닥터나우	앱	Auth	소셜 로그인 하기	소셜 정보를 연동하여 로그인
783	의료/제약/헬스케어	의료	닥터나우	앱	Auth	가입/이용 약관 동의하기	가입/이용을 위한 약관 조회 및 동의
784	의료/제약/헬스케어	의료	닥터나우	앱	Auth	로그아웃 하기	로그아웃
785	의료/제약/헬스케어	의료	닥터나우	앱	Auth	탈퇴 유의사항 동의하기	탈퇴 유의사항에 대한 내용 조회 및 동의하기
786	의료/제약/헬스케어	의료	닥터나우	앱	Auth	탈퇴하기	비밀번호를 입력 후 회원 탈퇴
787	의료/제약/헬스케어	의료	닥터나우	앱	계정관리	닉네임 자동 생성하기	닉네임 자동 생성
788	의료/제약/헬스케어	의료	닥터나우	앱	계정관리	닉네임 수정하기 	닉네임 수정
789	의료/제약/헬스케어	의료	닥터나우	앱	계정관리	프로필 사진 변경하기	프로필 사진 변경하기
790	의료/제약/헬스케어	의료	닥터나우	앱	계정관리	프로필 사진 촬영하기	프로필 사진 촬영하기
791	의료/제약/헬스케어	의료	닥터나우	앱	계정관리	프로필 사진 첨부하기	프로필 사진 첨부하기
792	의료/제약/헬스케어	의료	닥터나우	앱	계정관리	게시글 목록 보기	사용자가 작성한 커뮤니티 게시글 리스트 조회
793	의료/제약/헬스케어	의료	닥터나우	앱	계정관리	댓글 목록 보기	사용자가 작성한 커뮤니티 댓글 리스트 조회
794	의료/제약/헬스케어	의료	닥터나우	앱	계정관리	내 질문 목록 보기	사용자가 작성한 의료상담 질문 리스트 조회
795	의료/제약/헬스케어	의료	닥터나우	앱	계정관리	보관한 질문 목록 보기	사용자가 보관한 의료상담 질문 리스트 조회
796	의료/제약/헬스케어	의료	닥터나우	앱	계정관리	내 증상 체크	사용자가 입력한 증상 및 건강상태를 AI로 분석하여 관련 질병과 정보 제공 서비스
797	의료/제약/헬스케어	의료	닥터나우	앱	계정관리	진료 내역 조회하기	비대면 진료 내역 리스트 조회
798	의료/제약/헬스케어	의료	닥터나우	앱	계정관리	진료 내역 불러오기	간편 인증을 통해 전체 진료 내역 불러오기
799	의료/제약/헬스케어	의료	닥터나우	앱	계정관리	진료 후기 조회하기	사용자가 작성한 진료 후기 리스트 조회
800	의료/제약/헬스케어	의료	닥터나우	앱	계정관리	가족 정보 등록하기	사용자의 가족 정보 등록
801	의료/제약/헬스케어	의료	닥터나우	앱	계정관리	가족 정보 조회하기	사용자가 등록한 가족 리스트 조회
802	의료/제약/헬스케어	의료	닥터나우	앱	계정관리	가족 정보 수정하기	사용자가 등록한 가족 리스트 수정
803	의료/제약/헬스케어	의료	닥터나우	앱	계정관리	가족 정보 삭제하기	사용자가 등록한 가족 리스트 삭제
804	의료/제약/헬스케어	의료	닥터나우	앱	계정관리	건강 리포트 확인하기	건강 설문 답변을 통해 건강 리포트 확인
805	의료/제약/헬스케어	의료	닥터나우	앱	계정관리	영양제 구독하기	건강 리포트를 통해 영양제 처방을 받아 구독 신청
806	의료/제약/헬스케어	의료	닥터나우	앱	계정관리	구독 내역 조회하기	사용자의 영양제 구독 내역 조회
807	의료/제약/헬스케어	의료	닥터나우	앱	계정관리	건강검진 내역 불러오기	소셜 간편인증을 통해 건강검진 내역 조회
808	의료/제약/헬스케어	의료	닥터나우	앱	진료 신청	비대면 진료 신청하기	진료가 필요한 증상, 과목 선택하여 진료 신청
809	의료/제약/헬스케어	의료	닥터나우	앱	진료 신청	진료 의사 목록 보기	사용자가 요청한 증상, 과목에 맞는 진료 의사 리스트 조회
810	의료/제약/헬스케어	의료	닥터나우	앱	진료 신청	진료 의사 필터링하기	사용자가 선택한 옵션에 해당되는 진료 의사 리스트 조회
811	의료/제약/헬스케어	의료	닥터나우	앱	진료 신청	진료 의사 정렬하기	사용자가 선택한 옵션에 맞게 정렬된 진료 의사 리스트 조회
812	의료/제약/헬스케어	의료	닥터나우	앱	진료 신청	진료 의사 정보 상세 보기	진료 의사 정보 상제 조회
813	의료/제약/헬스케어	의료	닥터나우	앱	진료 신청	진료 의사 후기 조회하기	진료 의사 진료 후기 상세 조회
814	의료/제약/헬스케어	의료	닥터나우	앱	진료 신청	후기 필터링하기	사용자가 선택한 옵션에 해당되는 진료 의사의 후기 리스트 조회
815	의료/제약/헬스케어	의료	닥터나우	앱	진료 신청	진료 후기 작성하기	진료 후기 작성
816	의료/제약/헬스케어	의료	닥터나우	앱	진료 신청	진료 후기 게시글 신고하기	진료 후기 게시글 신고
817	의료/제약/헬스케어	의료	닥터나우	앱	진료 신청	진료 후기 작성자 신고하기	진료 후기 작성자 신고
818	의료/제약/헬스케어	의료	닥터나우	앱	진료 신청	진료 후기 작성자 차단하기	진료 후기 작성자 차단
819	의료/제약/헬스케어	의료	닥터나우	앱	진료 신청	약 수령 방법 선택하기 	퀵, 방문수령, 택배 중 수령 방법 선택하기
820	의료/제약/헬스케어	의료	닥터나우	앱	진료 내역 조회	진료 상태 조회하기	진료 진행 상태 조회
821	의료/제약/헬스케어	의료	닥터나우	앱	진료 내역 조회	진료 내역 조회하기	진료 상세 접수 내역 조회
822	의료/제약/헬스케어	의료	닥터나우	앱	진료 내역 조회	진료 재접수하기	진료 재접수 신청
823	의료/제약/헬스케어	의료	닥터나우	앱	진료 내역 조회	진료 의사 전화하기	사용자 기기에 진료 의사의 전화번호를 연결
824	의료/제약/헬스케어	의료	닥터나우	앱	진료 내역 조회	약국 처방전 조회하기	처방된 약국 처방전 상세 조회
825	의료/제약/헬스케어	의료	닥터나우	앱	진료 내역 조회	약국 전화하기	사용자 기기에 처방 약국 전화번호를 연결
826	의료/제약/헬스케어	의료	닥터나우	앱	배송 관리	주소 등록하기	약을 수령할 주소 등록
827	의료/제약/헬스케어	의료	닥터나우	앱	배송 관리	주소 수정하기	약을 수령할 주소 수정
828	의료/제약/헬스케어	의료	닥터나우	앱	배송 관리	주소 삭제하기	약을 수령할 주소 삭제
829	의료/제약/헬스케어	의료	닥터나우	앱	결제	포인트 적용하기	사용자가 보유한 포인트를 사용자가 입력한 금액만큼 차감하여 결제
830	의료/제약/헬스케어	의료	닥터나우	앱	결제	결제하기	진료 비용 결제
831	의료/제약/헬스케어	의료	닥터나우	앱	결제	의료진에게 답변받기 결제	실시간 의료상담에서 의료진에게 답변 받기를 선택했을 경우 결제
832	의료/제약/헬스케어	의료	닥터나우	앱	결제	결제 수단 조회하기	결제 수단 리스트 조회
833	의료/제약/헬스케어	의료	닥터나우	앱	결제	결제 카드 등록하기	신용/체크 카드 정보를 입력하여 결제 카드 등록
834	의료/제약/헬스케어	의료	닥터나우	앱	결제	카카오페이 등록하기	카카오페이 앱 인증을 통해 등록
835	의료/제약/헬스케어	의료	닥터나우	앱	포인트 관리	초대 링크 공유하기	친구 초대 성공 시 포인트를 받을 수 있는 사용자의 초대 링크 공유
836	의료/제약/헬스케어	의료	닥터나우	앱	포인트 관리	초대 링크 복사하기	친구 초대 성공 시 포인트를 받을 수 있는 사용자의 초대 링크 복사
837	의료/제약/헬스케어	의료	닥터나우	앱	포인트 관리	포인트 마켓 목록 조회하기	포인트로 살 수 있는 마켓 상품(기프티콘) 리스트 조회
838	의료/제약/헬스케어	의료	닥터나우	앱	포인트 관리	포인트 내역 조회하기	포인트 적립 내역 조회
839	의료/제약/헬스케어	의료	닥터나우	앱	포인트 관리	구매 가능한 포인트 조회하기	구매 가능한 포인트 금액 조회
840	의료/제약/헬스케어	의료	닥터나우	앱	포인트 관리	퀴즈 풀고 포인트 받기	퀴즈를 풀고 포인트 획득
841	의료/제약/헬스케어	의료	닥터나우	앱	포인트 관리	걸음 수 채우고 포인트 받기	건강 정보와 연동하여 걸음 수를 달성 후 포인트 획득
842	의료/제약/헬스케어	의료	닥터나우	앱	포인트 관리	체질량, 혈당, 혈압 기록하고 포인트 받기	사용자의 건강정보 입력 후 포인트 획득
843	의료/제약/헬스케어	의료	닥터나우	앱	고객지원	포인트 마켓 상품 추가 요청하기	구글 폼 외부 링크 연결
844	의료/제약/헬스케어	의료	닥터나우	앱	고객지원	커뮤니티 이용 정책 보기	커뮤니티 이용 정책 내용 조회
845	의료/제약/헬스케어	의료	닥터나우	앱	고객지원	공지사항 조회하기	공지사항 리스트 조회
846	의료/제약/헬스케어	의료	닥터나우	앱	고객지원	채널 톡 문의하기	채널 톡을 연결하여 채팅 문의 진행
847	의료/제약/헬스케어	의료	닥터나우	앱	고객지원	상담 언어 설정하기	채널 톡 상담 언어 설정
848	의료/제약/헬스케어	의료	닥터나우	앱	고객지원	메시지 번역 설정하기	채널 톡 메시지 번역 여부 설정
849	의료/제약/헬스케어	의료	닥터나우	앱	고객지원	자주 묻는 질문 조회하기	자주 묻는 질문 리스트 조회
850	의료/제약/헬스케어	의료	닥터나우	앱	알림 설정	메시지 알림 켜기	채널 톡 메시지 알림 켜기
851	의료/제약/헬스케어	의료	닥터나우	앱	알림 설정	메시지 알림 끄기	채널 톡 메시지 알림 끄기
852	의료/제약/헬스케어	의료	닥터나우	앱	알림 설정	광고 알림 켜기	채널 톡 광고 메시지 알림 켜기
853	의료/제약/헬스케어	의료	닥터나우	앱	알림 설정	광고 알림 끄기	채널 톡 광고 메시지 알림 끄기
854	마케팅	마케팅	레뷰	앱	Auth	소셜 회원 가입하기	소셜 로그인 정보를 연동하여 회원가입
855	마케팅	마케팅	레뷰	앱	Auth	이메일 회원 가입하기	요구된 정보를 입력하여 회원가입
856	마케팅	마케팅	레뷰	앱	Auth	가입/이용 약관 동의하기	가입/이용을 위한 약관 조회 및 동의
857	마케팅	마케팅	레뷰	앱	Auth	소셜 로그인 하기	소셜 로그인 정보를 연동하여 회원가입
858	마케팅	마케팅	레뷰	앱	Auth	이메일 인증하기	등록된 이메일로 인증 메일을 받아 이메일 인증하기
859	마케팅	마케팅	레뷰	앱	Auth	이메일 인증을 통해 비밀번호 찾기	인증메일 속 링크를 통해 비밀번호 재설정하기
860	마케팅	마케팅	레뷰	앱	Auth	비밀번호 변경하기	비밀번호 변경하기
861	마케팅	마케팅	레뷰	앱	Auth	휴대폰 번호 인증하기	입력한 휴대폰으로 인증 번호을 받아 휴대폰 인증하기
862	마케팅	마케팅	레뷰	앱	Auth	소셜 로그인 연동 목록 조회하기	사용자의 소셜 로그인 연동 리스트 조회하기
863	마케팅	마케팅	레뷰	앱	Auth	소셜 로그인 연결하기	소셜 로그인 정보 연동 추가하기
864	마케팅	마케팅	레뷰	앱	Auth	소셜 로그인 연결 해제하기	소셜 로그인 정보 연동 해제하기
865	마케팅	마케팅	레뷰	앱	Auth	로그아웃 하기	로그아웃하기
866	마케팅	마케팅	레뷰	앱	Auth	탈퇴 유의사항 동의하기	탈퇴 유의사항에 대한 내용 조회 및 동의하기
867	마케팅	마케팅	레뷰	앱	Auth	탈퇴하기	회원 탈퇴하기
868	마케팅	마케팅	레뷰	앱	계정관리	블로그 연결하기	사용자의 블로그 링크를 연결하기
869	마케팅	마케팅	레뷰	앱	계정관리	인스타그램 연결하기	사용자의 인스타그램 링크를 연결하기
870	마케팅	마케팅	레뷰	앱	계정관리	유튜브 연결하기	사용자의 유튜브 링크를 연결하기
871	마케팅	마케팅	레뷰	앱	계정관리	기본 정보 입력하기	이름, 성별, 출생년도, 닉네임 입력
872	마케팅	마케팅	레뷰	앱	계정관리	페널티 현황 조회하기	페널티 이력 조회
873	마케팅	마케팅	레뷰	앱	계정관리	페널티 현황 필터링하기	사용자가 선택한 옵션에 해당하는 페널티 리스트 조회
874	마케팅	마케팅	레뷰	앱	계정관리	자기 소개 입력하기	자기 소개 등록
875	마케팅	마케팅	레뷰	앱	계정관리	캠페인 참여 정보 등록하기	관심사, 주거 형태, 사이즈/피부 정보 등 캠페인 참여에 필요한 정보 등록
876	마케팅	마케팅	레뷰	앱	계정관리	프로필 사진 등록하기	프로피 사진 등록
877	마케팅	마케팅	레뷰	앱	계정관리	프로필 사진 변경하기	프로필 사진 변경
878	마케팅	마케팅	레뷰	앱	계정관리	멤버십 정보 조회하기	캠페인 신청 횟수, 출석 횟수를 통해 산정되는 참여점수를 통해 매겨진 멤버십 등급 조회하기
879	마케팅	마케팅	레뷰	앱	배송 관리	배송 정보 추가하기	배송 정보 추가
880	마케팅	마케팅	레뷰	앱	배송 관리	배송 정보 수정하기	배송 정보 수정
881	마케팅	마케팅	레뷰	앱	배송 관리	배송 정보 삭제하기	배송 정보 삭제
882	마케팅	마케팅	레뷰	앱	캠페인 관리	미디어 필터링 하기	사용자가 선택한 미디어 옵션에 맞는 캠페인 리스트 조회
883	마케팅	마케팅	레뷰	앱	캠페인 관리	오늘 오픈된 캠페인 리스트 조회하기	오늘 오픈된 캠페인 리스트 조회하기
884	마케팅	마케팅	레뷰	앱	캠페인 관리	제품 카테고리별 캠페인 리스트 조회하기	제품 카테고리별로 분류된 캠페인 리스트 조회하기
885	마케팅	마케팅	레뷰	앱	캠페인 관리	지역별 캠페인 리스트 조회하기	지역별로 분류된 캠페인 리스트 조회하기
886	마케팅	마케팅	레뷰	앱	캠페인 관리	기자단 캠페인 리스트 조회하기	기자단 체험 캠페인 리스트 조회하기
887	마케팅	마케팅	레뷰	앱	캠페인 관리	캠페인 정렬하기	사용자가 선택한 옵션에 맞게 정렬된 캠페인 리스트 조회하기
888	마케팅	마케팅	레뷰	앱	캠페인 관리	캠페인 필터링하기	사용자가 선택한 옵션에 해당하는 캠페인 리스트 조회하기
889	마케팅	마케팅	레뷰	앱	캠페인 관리	캠페인 정보 조회하기	캠페인 상세 정보 조회하기
890	마케팅	마케팅	레뷰	앱	캠페인 관리	캠페인 정보 보관하기	관심있는 캠페인 보관하기
891	마케팅	마케팅	레뷰	앱	캠페인 관리	캠페인 신청자 목록 조회하기	캠페인 신청자 목록 조회하기
892	마케팅	마케팅	레뷰	앱	캠페인 관리	캠페인 신청하기	캠페인 신청하기
893	마케팅	마케팅	레뷰	앱	캠페인 관리	캠페인 전체 신청 내역 조회하기	사용자의 캠페인 신청 내역 조회하기
894	마케팅	마케팅	레뷰	앱	캠페인 관리	캠페인 진행 상태 조회하기	사용자의 캠페인 진행 상태 조회하기
895	마케팅	마케팅	레뷰	앱	캠페인 관리	캠페인 신청 취소하기	사용자의 신청 캠페인 취소하기
896	마케팅	마케팅	레뷰	앱	캠페인 관리	관심 캠페인 목록 조회하기	관심 보관한 캠페인 목록 조회하기
897	마케팅	마케팅	레뷰	앱	캠페인 관리	콘텐츠 URL 등록하기	선정된 캠페인 작성 콘텐츠 URL 등록하기
898	마케팅	마케팅	레뷰	앱	캠페인 관리	등록 콘텐츠 조회하기	캠페인 작성 콘텐츠 조회하기
899	마케팅	마케팅	레뷰	앱	포인트 관리	추천 미션 리스트 조회하기	팔로우, 찜, 알림, 구독 신청을 통해 포인트를 적립할 수 있는 미션 리스트 조회
900	마케팅	마케팅	레뷰	앱	포인트 관리	참여하기 미션 리스트 조회하기	퀴즈, 회원 가입을 통해 포인트를 적립할 수 있는 미션 리스트 조회
901	마케팅	마케팅	레뷰	앱	포인트 관리	미션 참여하기	미션을 선택하여 외부 링크로 이동하여 미션 완료 후 포인트 받기
902	마케팅	마케팅	레뷰	앱	포인트 관리	쇼핑하기	앱 내 링크를 통해 쿠팡에서 쇼핑하고 포인트 받기
903	마케팅	마케팅	레뷰	앱	포인트 관리	쇼핑 링크 만들기	상품 링크를 입력하여 사용자만의 추천 링크 만들기
904	마케팅	마케팅	레뷰	앱	포인트 관리	최대 적립 미션 조회하기	최대 적립가능한 미션 리스트 조회
905	마케팅	마케팅	레뷰	앱	포인트 관리	미션 유형별 미션 조회하기	미션 유형별로 분류된 미션 리스트 조회
906	마케팅	마케팅	레뷰	앱	포인트 관리	적립 미션 필터링 하기	사용자가 선택한 옵션에 해당하는 미션 리스트 조회하기
907	마케팅	마케팅	레뷰	앱	포인트 관리	적립 내역 조회하기	사용자의 적립 내역 조회하기
908	마케팅	마케팅	레뷰	앱	포인트 관리	적립 내역 필터링 하기	사용자가 선택한 옵션에 해당하는 적립 내역 조회하기
909	마케팅	마케팅	레뷰	앱	포인트 관리	보유 포인트 조회하기	사용자의 보유 포인트 조회하기
910	마케팅	마케팅	레뷰	앱	포인트 관리	출금 내역 조회하기	사용자의 출금 내역 조회하기
911	마케팅	마케팅	레뷰	앱	포인트 관리	출금 내역 필터링 하기	사용자가 선택한 옵션에 해당하는 출금 내역 조회하기
912	마케팅	마케팅	레뷰	앱	포인트 관리	출금 금액 계산하기	3.3%가 절삭된 출금 금액 계산하기
913	마케팅	마케팅	레뷰	앱	포인트 관리	계좌 정보 입력하기	사용자의 실명 계좌정보 인증하기
914	마케팅	마케팅	레뷰	앱	포인트 관리	출금 신청하기	인증된 계좌로 출금 신청하기
915	마케팅	마케팅	레뷰	앱	커뮤니티	유형별 커뮤니티 글 목록 조회하기	공지사항, 꿀팁, 이벤트 등 운영사에서 작성한 공지사항 리스트 조회
916	마케팅	마케팅	레뷰	앱	커뮤니티	커뮤니티 글 필터링 하기	사용자가 선택한 옵션에 해당하는 커뮤니티 글 리스트 조회하기
917	마케팅	마케팅	레뷰	앱	커뮤니티	커뮤니티 글쓰기	커뮤니티 글 작성하기
918	마케팅	마케팅	레뷰	앱	커뮤니티	커뮤니티 글에 사진 첨부하기	커뮤니티 글에 사진 첨부하기
919	마케팅	마케팅	레뷰	앱	커뮤니티	커뮤니티 글 수정하기	커뮤니티 글 수정하기
920	마케팅	마케팅	레뷰	앱	커뮤니티	커뮤니티 글 삭제하기	커뮤니티 글 삭제하기
921	마케팅	마케팅	레뷰	앱	커뮤니티	글 상세 조회하기	커뮤니티 글 상세 조회하기
922	마케팅	마케팅	레뷰	앱	커뮤니티	글 공감 평가하기	커뮤니티 글 공감 표시로 평가하기
923	마케팅	마케팅	레뷰	앱	커뮤니티	글 댓글 쓰기	커뮤니티 글에 댓글 쓰기
924	마케팅	마케팅	레뷰	앱	커뮤니티	글 댓글에 답글 쓰기	커뮤니티 댓글에 답글 쓰기
925	마케팅	마케팅	레뷰	앱	고객지원	포인트 적립 관련 문의하기	문의 상품, 내용, 답변 받을 이메일, 답변자 정보, 주문 번호, 참여 아이디를 입력하여 적립 관련 문의
926	마케팅	마케팅	레뷰	앱	고객지원	포인트 적립 관련 문의에 사진 첨부하기	적립 문의에 사진 첨부
927	마케팅	마케팅	레뷰	앱	고객지원	채널 톡 문의하기	채널 톡을 연결하여 채팅 문의 진행
928	마케팅	마케팅	레뷰	앱	고객지원	상담 언어 설정하기	채널 톡 상담 언어 설정
929	마케팅	마케팅	레뷰	앱	고객지원	메시지 번역 설정하기	채널 톡 메시지 번역 여부 설정
930	마케팅	마케팅	레뷰	앱	고객 지원	1:1 문의 작성하기	1:1 문의글 앱 내 작성하기
931	마케팅	마케팅	레뷰	앱	고객 지원	1:1 문의 글에 사진 첨부하기	1:1 문의글에 사진 첨부하기
932	마케팅	마케팅	레뷰	앱	고객 지원	1:1 문의 내역 조회하기	문의했던 1:1 문의글 리스트 조회
933	마케팅	마케팅	레뷰	앱	고객 지원	FAQ 조회하기	FAQ 리스트 조회
934	마케팅	마케팅	레뷰	앱	고객 지원	FAQ 필터링 하기	사용자가 선택한 옵션에 해당하는 FAQ 리스트 조회
935	마케팅	마케팅	레뷰	앱	고객 지원	서비스 가이드 조회하기	서비스 가이드 상세 조회
936	마케팅	마케팅	레뷰	앱	고객 지원	프리미어 신청하기	인플루언서 조건 달성 시 차별화된 캠페인 프로그램에 참여할 수 있는 프리미어 신청하기
937	마케팅	마케팅	레뷰	앱	알림 설정	캠페인 관련 알림 켜기	캠페인 관련 알림 켜기
938	마케팅	마케팅	레뷰	앱	알림 설정	캠페인 관련 알림 끄기	캠페인 관련 알림 끄기
939	마케팅	마케팅	레뷰	앱	알림 설정	서비스 관련 알림 켜기	서비스 관련 알림 켜기
940	마케팅	마케팅	레뷰	앱	알림 설정	서비스 관련 알림 끄기	서비스 관련 알림 끄기
941	마케팅	마케팅	레뷰	앱	알림 설정	이벤트 및 혜택 관련 알림 켜기	이벤트 및 혜택 관련 알림 켜기
942	마케팅	마케팅	레뷰	앱	알림 설정	이벤트 및 혜택 관련 알림 끄기	이벤트 및 혜택 관련 알림 끄기
943	마케팅	마케팅	레뷰	앱	알림 설정	광고 문자 수신 거부하기	광고 문자 수신 거부하기
944	마케팅	마케팅	레뷰	앱	알림 설정	광고 문자 수신 허용하기	광고 문자 수신 허용하기
945	마케팅	마케팅	레뷰	앱	알림 설정	광고 이메일 수신 거부하기	광고 이메일 수신 거부하기
946	마케팅	마케팅	레뷰	앱	알림 설정	광고 이메일 수신 허용하기	광고 이메일 수신 허용하기
947	엔터테인먼트	문서/만화	밀리의 서재	앱	Auth	개인 회원가입 하기	휴대폰 번호로 개인 회원가입
948	엔터테인먼트	문서/만화	밀리의 서재	앱	Auth	휴대폰 본인인증 하기	입력한 휴대폰으로 인증 번호을 받아 휴대폰 인증하기
949	엔터테인먼트	문서/만화	밀리의 서재	앱	Auth	휴대폰 번호로 로그인하기	등록된 휴대폰 번호와 비밀번호를 입력하여 로그인
950	엔터테인먼트	문서/만화	밀리의 서재	앱	Auth	비밀번호 재설정하기	휴대폰 인증을 통해 비밀번호 재설정
951	엔터테인먼트	문서/만화	밀리의 서재	앱	Auth	소셜 로그인하기	소셜 로그인 정보를 연동하여 개인 로그인
952	엔터테인먼트	문서/만화	밀리의 서재	앱	Auth	기업 회원 로그인하기	요구된 정보를 입력하여 기업 회원 로그인
953	엔터테인먼트	문서/만화	밀리의 서재	앱	Auth	기업 비밀번호 재설정하기	등록된 기업 이메일로 비밀번호 재설정 링크 발송
954	엔터테인먼트	문서/만화	밀리의 서재	앱	Auth	로그아웃 하기	로그아웃 하기
955	엔터테인먼트	문서/만화	밀리의 서재	앱	Auth	탈퇴 유의사항 동의하기	탈퇴 유의사항에 대한 내용 조회 및 동의하기
956	엔터테인먼트	문서/만화	밀리의 서재	앱	Auth	탈퇴하기	비밀번호를 입력 후 회원 탈퇴
957	엔터테인먼트	문서/만화	밀리의 서재	앱	구독 관리	구독 신청하기	구독 신청하기
958	엔터테인먼트	문서/만화	밀리의 서재	앱	구독 관리	구독 상품 조회	구독 상품 조회하기
959	엔터테인먼트	문서/만화	밀리의 서재	앱	구독 관리	자동 결제 해지하기	구독 해지하기
960	엔터테인먼트	문서/만화	밀리의 서재	앱	구독 관리	결제내역 보기	결제 내역 조회하기
961	엔터테인먼트	문서/만화	밀리의 서재	앱	구독 관리	전자 영수증 보기	결제 내역 영수증 조회하기
962	엔터테인먼트	문서/만화	밀리의 서재	앱	구독 관리	결제 수단 변경하기	결제 수단 변경하기
963	엔터테인먼트	문서/만화	밀리의 서재	앱	구독 관리	구독권 등록하기	구독권 번호를 입력하여 구독권 등록
964	엔터테인먼트	문서/만화	밀리의 서재	앱	구독 관리	보유중인 구독권 조회하기	구독 현황 조회하기
965	엔터테인먼트	문서/만화	밀리의 서재	앱	구독 관리	혜택/결합 상품 조회하기	제휴 혜택 및 결합 상품 리스트 조회하기
966	엔터테인먼트	문서/만화	밀리의 서재	앱	구독 관리	환불 계좌 등록하기	환불 은행계좌 등록
967	엔터테인먼트	문서/만화	밀리의 서재	앱	알림 설정	서비스 알림 켜기	서비스 알림 켜기
968	엔터테인먼트	문서/만화	밀리의 서재	앱	알림 설정	서비스 알림 끄기	서비스 알림 끄기
969	엔터테인먼트	문서/만화	밀리의 서재	앱	알림 설정	서재, 포스트 알림 켜기	서재, 포스트 알림 켜기
970	엔터테인먼트	문서/만화	밀리의 서재	앱	알림 설정	서재, 포스트 알림 끄기	서재, 포스트 알림 끄기
971	엔터테인먼트	문서/만화	밀리의 서재	앱	알림 설정	마케팅 혜택 및 이벤트 알림 켜기	마케팅 혜택 및 이벤트 알림 켜기
972	엔터테인먼트	문서/만화	밀리의 서재	앱	알림 설정	마케팅 혜택 및 이벤트 알림 끄기	마케팅 혜택 및 이벤트 알림 끄기
973	엔터테인먼트	문서/만화	밀리의 서재	앱	알림 설정	SMS 수신 동의하기	SMS 수신 동의
974	엔터테인먼트	문서/만화	밀리의 서재	앱	알림 설정	SMS 수신 거부하기	SMS 수신 거부
975	엔터테인먼트	문서/만화	밀리의 서재	앱	알림 설정	E-mail 수신 동의하기	E-mail 수신 동의
976	엔터테인먼트	문서/만화	밀리의 서재	앱	알림 설정	E-mail 수신 거부하기	E-mail 수신 거부
977	엔터테인먼트	문서/만화	밀리의 서재	앱	알림 설정	에피소드 알림 신청하기	작품 에피소드 업데이트 알림 신청
978	엔터테인먼트	문서/만화	밀리의 서재	앱	고객 지원	공지사항 조회하기	공지사항 리스트 조회
979	엔터테인먼트	문서/만화	밀리의 서재	앱	고객 지원	자주묻는 베스트 FAQ 조회하기	자주묻는 베스트 FAQ 조회하기
980	엔터테인먼트	문서/만화	밀리의 서재	앱	고객 지원	카테고리별 FAQ 조회하기	카테고리별로 분류된 FAQ 조회하기
981	엔터테인먼트	문서/만화	밀리의 서재	앱	고객 지원	FAQ 검색하기	키워드를 포함하는 FAQ 리스트 조회
982	엔터테인먼트	문서/만화	밀리의 서재	앱	고객 지원	FAQ 필터링하기	사용자가 선택한 옵션에 해당하는 FAQ 리스트 조회
983	엔터테인먼트	문서/만화	밀리의 서재	앱	고객 지원	1:1 문의하기	1:1 문의 글 앱 내 작성
984	엔터테인먼트	문서/만화	밀리의 서재	앱	고객 지원	1:1 문의 내역 조회하기	1:1 문의 리스트 조회
985	엔터테인먼트	문서/만화	밀리의 서재	앱	고객 지원	앱 다운로드 링크 조회하기	모바일 앱, PC 뷰어, E-ink 뷰어 다운로드 이동 링크 조회
986	엔터테인먼트	문서/만화	밀리의 서재	앱	고객 지원	채팅 상담하기	채팅 상담 작성
987	엔터테인먼트	문서/만화	밀리의 서재	앱	고객 지원	채팅 내역 조회하기	채팅 상담 리스트 조회
988	엔터테인먼트	문서/만화	밀리의 서재	앱	콘텐츠 관리	랭킹별 책 조회하기	랭킹별로 분류된 책 리스트 조회
989	엔터테인먼트	문서/만화	밀리의 서재	앱	콘텐츠 관리	카테고리별 책 랭킹 조회하기	카테고리별로 분류된 책 리스트 조회
990	엔터테인먼트	문서/만화	밀리의 서재	앱	콘텐츠 관리	키워드별 책 조회하기	키워드별로 분류된 책 리스트 조회
991	엔터테인먼트	문서/만화	밀리의 서재	앱	콘텐츠 관리	큐레이션별 책 조회하기	큐레이션별로 분류된 추천 책 리스트 조회
992	엔터테인먼트	문서/만화	밀리의 서재	앱	콘텐츠 관리	일자별 추천 책 리스트 조회하기	일자별로 분류된 추천 책 리스트 조회
993	엔터테인먼트	문서/만화	밀리의 서재	앱	콘텐츠 관리	태그별 책 목록 조회하기	태그별로 분류된 책 리스트 조회
994	엔터테인먼트	문서/만화	밀리의 서재	앱	콘텐츠 관리	신간 리스트 조회하기	신간 책 추천 리스트 조회
995	엔터테인먼트	문서/만화	밀리의 서재	앱	콘텐츠 관리	추천 작가 리스트 조회하기	작가 추천 리스트 조회
996	엔터테인먼트	문서/만화	밀리의 서재	앱	콘텐츠 관리	책 필터링 하기	사용자가 선택한 옵션에 해당하는 책 리스트 조회
997	엔터테인먼트	문서/만화	밀리의 서재	앱	콘텐츠 관리	책 정렬하기	사용자가 선택한 옵션에 맞게 정렬된 책 리스트 조회
998	엔터테인먼트	문서/만화	밀리의 서재	앱	콘텐츠 관리	카테고리별 오디오북 리스트 조회하기	카테고리별로 분류된 오디오북 리스트 조회
999	엔터테인먼트	문서/만화	밀리의 서재	앱	콘텐츠 관리	오디오북 플레이 리스트 조회하기	오디오북 플레이리스트 조회
1000	엔터테인먼트	문서/만화	밀리의 서재	앱	콘텐츠 관리	오디오북 플레이 리스트 필터링하기	사용자가 선택한 옵션에 해당하는 오디오북 플레이리스트 조회
1001	엔터테인먼트	문서/만화	밀리의 서재	앱	콘텐츠 관리	영상 콘텐츠 목록 조회하기	영상 콘텐츠 리스트 조회
1002	엔터테인먼트	문서/만화	밀리의 서재	앱	콘텐츠 관리	연재 작품 리스트 조회하기	회원 연재 작품 리스트 조회
1003	엔터테인먼트	문서/만화	밀리의 서재	앱	콘텐츠 관리	연재 작품 필터링하기	사용자가 선택한 옵션에 해당하는 회원 연재 작품 리스트 조회
1004	엔터테인먼트	문서/만화	밀리의 서재	앱	콘텐츠 관리	데일리 추천 콘텐츠 조회하기	오늘의 추천 책 영상과 소개 글 콘텐츠 조회
1005	엔터테인먼트	문서/만화	밀리의 서재	앱	콘텐츠 관리	영상 콘텐츠 시청하기	영상 콘텐츠 시청
1006	엔터테인먼트	문서/만화	밀리의 서재	앱	콘텐츠 관리	책 상세 조회하기	책 정보 상세 조회
1007	엔터테인먼트	문서/만화	밀리의 서재	앱	콘텐츠 관리	완독 지수 분석하기	완독할 확률과 완독 예상 시간을 그래프화
1008	엔터테인먼트	문서/만화	밀리의 서재	앱	콘텐츠 관리	성별, 연령별 인기 분포 분석하기	서재에 담은 수 기준으로 인기 분포 집계 및 그래프화
1009	엔터테인먼트	문서/만화	밀리의 서재	앱	콘텐츠 관리	책 공유하기	책 상제 정보 링크 공유
1010	엔터테인먼트	문서/만화	밀리의 서재	앱	콘텐츠 관리	책 다운로드 하기	책 다운로드
1011	엔터테인먼트	문서/만화	밀리의 서재	앱	콘텐츠 관리	선택된 책이 담긴 서재 목록 조회하기	사용자가 선택한 책이 포함된 서재 리스트 조회
1012	엔터테인먼트	문서/만화	밀리의 서재	앱	콘텐츠 관리	선택한 책과 다른 회원들이 함께 담은 책 목록 조회하기	사용자가 선택한 책과 다른 회원들이 함께 담은 책 리스트 조회
1013	엔터테인먼트	문서/만화	밀리의 서재	앱	콘텐츠 관리	작품 상세 조회하기	작품 정보 상세 조회
1014	엔터테인먼트	문서/만화	밀리의 서재	앱	콘텐츠 관리	작품 응원하기	작품 응원하기 버튼을 눌러 응원하기
1015	엔터테인먼트	문서/만화	밀리의 서재	앱	콘텐츠 관리	에피소드 목록 조회하기	작품 에피소드 리스트 조회
1016	엔터테인먼트	문서/만화	밀리의 서재	앱	콘텐츠 발행	발행 작품 필터링하기	사용자가 선택한 옵션에 해당하는 사용자 발행 작품 리스트 조회
1017	엔터테인먼트	문서/만화	밀리의 서재	앱	콘텐츠 발행	발행 작품 정렬하기	사용자가 선택한 옵션에 맞게 정렬된 사용자 발행 작품 리스트 조회
1018	엔터테인먼트	문서/만화	밀리의 서재	앱	콘텐츠 발행	작가 소개 작성하기	작가 소개 정보 작성하기
1019	엔터테인먼트	문서/만화	밀리의 서재	앱	콘텐츠 발행	작품 정보 작성하기	발행하는 작품 정보 작성하기
1020	엔터테인먼트	문서/만화	밀리의 서재	앱	콘텐츠 발행	작품 발행하기	에디터를 통해 글 작성하기
1021	엔터테인먼트	문서/만화	밀리의 서재	앱	콘텐츠 발행	작품 연재하기	사용자의 작품 연재하기
1022	엔터테인먼트	문서/만화	밀리의 서재	앱	리뷰 관리	작품 댓글 조회하기	작품의 댓글 리스트 조회
1023	엔터테인먼트	문서/만화	밀리의 서재	앱	리뷰 관리	작품 댓글 쓰기	작품의 댓글 작성
1024	엔터테인먼트	문서/만화	밀리의 서재	앱	리뷰 관리	작품 댓글 삭제하기	작품의 댓글 삭제
1025	엔터테인먼트	문서/만화	밀리의 서재	앱	리뷰 관리	작품 댓글 답글 쓰기	작품의 댓글에 답글 작성
1026	엔터테인먼트	문서/만화	밀리의 서재	앱	리뷰 관리	작품 댓글 답글 삭제하기	작품의 댓글에 답글 삭제
1027	엔터테인먼트	문서/만화	밀리의 서재	앱	리뷰 관리	작품 댓글 신고하기	작품의 댓글 신고
1028	엔터테인먼트	문서/만화	밀리의 서재	앱	리뷰 관리	작품 댓글 좋아요 평가하기	작품의 댓글 좋아요 평가하기
1029	엔터테인먼트	문서/만화	밀리의 서재	앱	리뷰 관리	책 한줄 리뷰 목록 보기	책의 한줄 리뷰 리스트 조회하기
1030	엔터테인먼트	문서/만화	밀리의 서재	앱	리뷰 관리	한줄 리뷰 신고하기	책의 한줄 리뷰 신고
1031	엔터테인먼트	문서/만화	밀리의 서재	앱	리뷰 관리	한줄 리뷰 마음에 들기 평가하기	책의 한줄 리뷰 마음에 들기 버튼을 눌러 평가
1032	엔터테인먼트	문서/만화	밀리의 서재	앱	리뷰 관리	한줄 리뷰 등록하기	책의 한줄 리뷰 작성
1033	엔터테인먼트	문서/만화	밀리의 서재	앱	리뷰 관리	한줄 리뷰 삭제하기	책의 한줄 리뷰 삭제
1034	엔터테인먼트	문서/만화	밀리의 서재	앱	콘텐츠 보관	My Favorite 목록에 추가하기	하트 버튼을 눌러 책 보관
1035	엔터테인먼트	문서/만화	밀리의 서재	앱	콘텐츠 보관	책 내 서재에 담기	책 내 서재의 저장
1036	엔터테인먼트	문서/만화	밀리의 서재	앱	콘텐츠 보관	책 책장에 담기	피드에 소개된 책 내 책장에 담기
1037	엔터테인먼트	문서/만화	밀리의 서재	앱	콘텐츠 보관	작품 작가 관심작가로 등록하기	작품 작가를 저장
1038	엔터테인먼트	문서/만화	밀리의 서재	앱	커뮤니티	카테고리별 피드 조회하기	포스트, 한줄리뷰, 하이라이트, 인생책 카테고리로 분류된 피드 목록 조회하기
1039	엔터테인먼트	문서/만화	밀리의 서재	앱	커뮤니티	책방 피드 추천하기	다른 사용자 책방 추천 피드 리스트 조회
1040	엔터테인먼트	문서/만화	밀리의 서재	앱	커뮤니티	팔로잉한 책방 피드 조회하기	팔로잉한 책방의 피드 리스트 조회
1041	엔터테인먼트	문서/만화	밀리의 서재	앱	커뮤니티	피드 좋아요 평가하기	피드 좋아요 평가하기
1042	엔터테인먼트	문서/만화	밀리의 서재	앱	커뮤니티	포스트 목록 조회하기	포스트 목록 조회하기
1043	엔터테인먼트	문서/만화	밀리의 서재	앱	커뮤니티	포스트 상세 조회하기	포스트 상세 조회하기
1044	엔터테인먼트	문서/만화	밀리의 서재	앱	커뮤니티	포스트 좋아요 평가하기	포스트 좋아요 평가하기
1045	엔터테인먼트	문서/만화	밀리의 서재	앱	커뮤니티	포스트 댓글 쓰기	포스트 댓글 쓰기
1046	엔터테인먼트	문서/만화	밀리의 서재	앱	커뮤니티	포스트 공유하기	포스트 상세 정보 공유하기
1047	엔터테인먼트	문서/만화	밀리의 서재	앱	커뮤니티	포스트 신고하기	포스트 신고하기
1048	엔터테인먼트	문서/만화	밀리의 서재	앱	커뮤니티	포스트 좋아요를 평가한 사람 목록 조회하기	포스트 좋아요를 평가한 사람 리스트 조회하기
1049	엔터테인먼트	문서/만화	밀리의 서재	앱	프로필 관리	책방 피드 상세 조회하기	책방 피드 상세 조회
1050	엔터테인먼트	문서/만화	밀리의 서재	앱	프로필 관리	책방 신고 후 차단하기	책방 신고 후 차단하기
1051	엔터테인먼트	문서/만화	밀리의 서재	앱	프로필 관리	책방 팔로우하기	책방 팔로우하기
1052	엔터테인먼트	문서/만화	밀리의 서재	앱	프로필 관리	책방 팔로잉 목록 조회하기	책방 팔로잉 리스트 조회
1053	엔터테인먼트	문서/만화	밀리의 서재	앱	프로필 관리	책방 팔로워 목록 조회하기	책방 팔로워 리스트 조회
1054	엔터테인먼트	문서/만화	밀리의 서재	앱	프로필 관리	책방의 현재 인생책 조회하기	책방 인생책 조회
1055	엔터테인먼트	문서/만화	밀리의 서재	앱	프로필 관리	책방의 인생책 히스토리 목록 조회하기	책방 인생책 히스토리 리스트 조회
1056	엔터테인먼트	문서/만화	밀리의 서재	앱	프로필 관리	책방의 독서 목표 조회하기	책방 독서 목표 조회
1057	엔터테인먼트	문서/만화	밀리의 서재	앱	프로필 관리	책방의 작품 목록 조회하기	책방 작품 리스트 조회
1058	엔터테인먼트	문서/만화	밀리의 서재	앱	프로필 관리	책방의 포스트 목록 조회하기	책방 작성 포스트 리스트 조회
1059	엔터테인먼트	문서/만화	밀리의 서재	앱	프로필 관리	책방의 서재 도서 목록 조회하기	서재 도서 리스트 조회
1060	엔터테인먼트	문서/만화	밀리의 서재	앱	프로필 관리	책방의 책장 목록 조회하기	책방 책장 리스트 조회
1061	엔터테인먼트	문서/만화	밀리의 서재	앱	프로필 관리	책방의 좋아하는 분야 조회하기	책방의 독서 현황을 분석하여 좋아하는 분야 선정
1062	엔터테인먼트	문서/만화	밀리의 서재	앱	프로필 관리	책방 소개글 작성하기	책방 소개글 작성
1063	엔터테인먼트	문서/만화	밀리의 서재	앱	프로필 관리	서재 도서 검색하기	서재에서 키워드를 도서명에 포함하는 도서 리스트 조회
1064	엔터테인먼트	문서/만화	밀리의 서재	앱	프로필 관리	서재 도서 정렬하기	사용자가 선택한 옵션에 맞게 정렬된 도서 리스트 조회
1065	엔터테인먼트	문서/만화	밀리의 서재	앱	프로필 관리	서재 도서 책장에 담기	서재 도서를 책장에 담기
1066	엔터테인먼트	문서/만화	밀리의 서재	앱	프로필 관리	서재 도서 다운로드 하기	서재 도서 다운로드
1067	엔터테인먼트	문서/만화	밀리의 서재	앱	프로필 관리	서재 도서 삭제하기	서재 도서 삭제
1068	엔터테인먼트	문서/만화	밀리의 서재	앱	프로필 관리	책장 목록 조회하기	책장 목록 조회
1069	엔터테인먼트	문서/만화	밀리의 서재	앱	프로필 관리	책장 만들기	책장 생성하기
1070	엔터테인먼트	문서/만화	밀리의 서재	앱	프로필 관리	책장 삭제하기	책장 삭제하기
1071	엔터테인먼트	문서/만화	밀리의 서재	앱	프로필 관리	한 줄 리뷰 작성 목록 조회하기	사용자의 작성 한 줄 리뷰 리스트 조회
1072	엔터테인먼트	문서/만화	밀리의 서재	앱	프로필 관리	포스트 작성 목록 조회하기	사용자의 작성 포스트 리스트 조회
1073	엔터테인먼트	문서/만화	밀리의 서재	앱	프로필 관리	3분 리뷰 발행 목록 조회하기	사용자의 발행 3분 리뷰 리스트 조회
1074	엔터테인먼트	문서/만화	밀리의 서재	앱	프로필 관리	하이라이트 작성 목록 조회하기	사용자의 작성 하이라이트 리스트 조회
1075	엔터테인먼트	문서/만화	밀리의 서재	앱	프로필 관리	독서 통계 분석하기	구독 기간의 책을 열어본 횟수, 독서 누적 시간, 독서 루틴 시간을 분석
1076	엔터테인먼트	문서/만화	밀리의 서재	앱	프로필 관리	독서 목표 리스트 조회하기	참여할 수 있는 독서 리스트 조회
1077	엔터테인먼트	문서/만화	밀리의 서재	앱	프로필 관리	독서 습관 만들기	독서 목표 중 하나를 선택하여 독서 습관 만들기
1078	엔터테인먼트	문서/만화	밀리의 서재	앱	계정 관리	회원 정보 수정하기	이름, 휴대폰번호, 이메일 수정
1079	엔터테인먼트	문서/만화	밀리의 서재	앱	계정 관리	E-ink 뷰어 계정 등록하기	E-ink 뷰어 계정 등록하기
1080	엔터테인먼트	문서/만화	밀리의 서재	앱	계정 관리	동영상 자동재생 환경 설정하기	동영상 자동재생 옵션 선택
1081	엔터테인먼트	문서/만화	밀리의 서재	앱	계정 관리	다크 모드 설정하기	다크/라이트 모드 선택
1082	엔터테인먼트	문서/만화	밀리의 서재	앱	계정 관리	캐시 데이터 삭제하기	문서 캐시 데이터 삭제
1083	엔터테인먼트	문서/만화	밀리의 서재	앱	계정 관리	성인 인증하기	19세 이상인 책 읽기 권한 부여를 위한 성인 인증
1084	엔터테인먼트	문서/만화	밀리의 서재	앱	계정 관리	밀/마일리지 보유 현황 조회하기	밀/마일리지 보유 현황 조회하기
1085	엔터테인먼트	문서/만화	밀리의 서재	앱	계정 관리	밀/마일리지 내역 조회하기	밀/마일리지 내역 리스트 조회하기
1086	엔터테인먼트	문서/만화	밀리의 서재	앱	계정 관리	밀/마일리지 필터링하기	사용자가 선택한 옵션에 해당하는 밀/마일리지 리스트 조회
1087	엔터테인먼트	문서/만화	밀리의 서재	앱	계정 관리	내 기기 관리하기	최대 5대의 기기 등록 리스트 조회
1088	엔터테인먼트	문서/만화	밀리의 서재	앱	계정 관리	등록 기기 변경하기	월 3회 제한으로 등록 기기 변경
1089	금융/회계	회계	삼쩜삼	앱	Auth	소셜 연동 회원가입하기	소셜 로그인 정보를 연동하여 회원가입
1090	금융/회계	회계	삼쩜삼	앱	Auth	휴대폰 번호 인증하기	입력한 휴대폰으로 인증 번호을 받아 휴대폰 인증하기
1091	금융/회계	회계	삼쩜삼	앱	Auth	로그아웃 하기	로그아웃하기
1092	금융/회계	회계	삼쩜삼	앱	Auth	탈퇴하기	탈퇴 하기
1093	금융/회계	회계	삼쩜삼	앱	홈택스 연동	간편 인증 요청하기	카카오, Pass 앱 인증을 통한 홈택스 간편인증 요청
1094	금융/회계	회계	삼쩜삼	앱	홈택스 연동	홈택스 정보 연동하기	사용자의 홈택스 정보를 연동
1095	금융/회계	회계	삼쩜삼	앱	홈택스 연동	놓친 월급 확인하기	설문을 통해 사용자의 비과세 월급 조회
1096	금융/회계	회계	삼쩜삼	앱	홈택스 연동	연말정산 서류 발급하기	사용자의 연말정산 간소화 자료 다운로드
1097	금융/회계	회계	삼쩜삼	앱	홈택스 연동	연말정산 예상 환급액 조회하기	연말정산 간소화 자료를 통해 예상 환급액 조회
1098	금융/회계	회계	삼쩜삼	앱	홈택스 연동	연말정산 맞춤 리포트 조회하기	연말정산 간소화 자료 분석을 통해 소득 공제 금액 조회
1099	금융/회계	회계	삼쩜삼	앱	홈택스 연동	가족 소비 합산하기	가족 소비금액을 합산하여 연말정산 예상 환급액 조회
1100	금융/회계	회계	삼쩜삼	앱	홈택스 연동	월세 현금영수증 조건 확인하기	설문을 통한 월세 세액 공제 대상자 조회
1101	금융/회계	회계	삼쩜삼	앱	홈택스 연동	소비 리포트 조회하기	연말정산 간소화 자료 분석을 통해 소비 금액 조회
1102	금융/회계	회계	삼쩜삼	앱	홈택스 연동	소비 리포트 만족도 조사하기	구글 설문 링크로 이동하여 의견 작성
1103	금융/회계	회계	삼쩜삼	앱	홈택스 연동	예상 부가세 조회하기	사업자일 경우 예상 부가세 납부 금액 조회
1104	금융/회계	회계	삼쩜삼	앱	홈택스 연동	부가세 신고 내역 조회하기	사업자일 경우 부가세 신고 내역 조회
1105	금융/회계	회계	삼쩜삼	앱	홈택스 연동	예상 환급액 조회하기	종합소득이 있을 경우 예상 환급액 조회
1106	금융/회계	회계	삼쩜삼	앱	홈택스 연동	종소세 신고 내역 조회하기	종합소득이 있을 경우 종소세 신고 내역 조회
1107	금융/회계	회계	삼쩜삼	앱	홈택스 연동	소득 인증서 조회하기	사용자의 연간 소득을 통해 인증서 발행
1108	금융/회계	회계	삼쩜삼	앱	홈택스 연동	소득 분석하기	삼쩜삼 이용자들 및 사용자의 연령대 중 소득 백분위 분석
1109	금융/회계	회계	삼쩜삼	앱	홈택스 연동	연도별 소득 조회하기	최근 5개년도의 소득 조회
1110	금융/회계	회계	삼쩜삼	앱	홈택스 연동	연도별 세금 조회하기	최근 5개년도의 세금 조회
1111	금융/회계	회계	삼쩜삼	앱	홈택스 연동	관할 세무서 조회하기	사용자의 주거지역 관할 세무서 정보 조회
1112	금융/회계	회계	삼쩜삼	앱	통신, 카드사 연동	부가서비스 목록 조회하기	부가서비스 제공 업체 목록 조회
1113	금융/회계	회계	삼쩜삼	앱	통신, 카드사 연동	부가서비스 가입 현황 확인하기	통신, 카드사와 연동하여 사용자의 부가서비스 가입 현황 조회
1114	금융/회계	회계	삼쩜삼	앱	통신, 카드사 연동	부가서비스 해지하기	통신, 카드사와 연동하여 요청한 부가서비스 가입 해지
1115	금융/회계	회계	삼쩜삼	앱	통신, 카드사 연동	확인 필요한 부가서비스 목록 조회하기	자주 가입되어 있어 확인이 필요한 부가서비스 목록 조회
1116	금융/회계	회계	삼쩜삼	앱	통신, 카드사 연동	확인 완료한 부가서비스 목록 조회하기	확인 완료한 부가서비스 목록 조회
1117	금융/회계	회계	삼쩜삼	앱	통신, 카드사 연동	가입 부가서비스 목록 조회하기	사용자의 가입 부가서비스 목록 조회
1118	금융/회계	회계	삼쩜삼	앱	통신, 카드사 연동	해지 부가서비스 목록 조회하기	사용자가 해지한 부가서비스 목록 조회
1119	금융/회계	회계	삼쩜삼	앱	통신, 카드사 연동	해지하고 아낀 돈 계산하기	사용자가 해지한 부가서비스 합계 금액 계산 및 조회
1120	금융/회계	회계	삼쩜삼	앱	금융 콘텐츠	카테고리별 금융 콘텐츠 목록 조회하기	카테고리별로 분류된 금융 콘텐츠 리스트 조회
1121	금융/회계	회계	삼쩜삼	앱	금융 콘텐츠	금융 콘텐츠 상세 조회하기	금융 콘텐츠 상세 조회
1122	금융/회계	회계	삼쩜삼	앱	금융 콘텐츠	금융 콘텐츠 공유하기	금융 콘텐츠 상세 링크 공유
1123	금융/회계	회계	삼쩜삼	앱	금융 콘텐츠	콘텐츠 도움됐어요 평가하기	금융 콘텐츠에 도움됐어요 를 클릭하여 평가
1124	금융/회계	회계	삼쩜삼	앱	금융 콘텐츠	세금 지식 목록 조회하기	세금 지식 콘텐츠 리스트 조회
1125	금융/회계	회계	삼쩜삼	앱	금융 콘텐츠	세금 지식 콘텐츠 상세 조회하기	세금 지식 콘텐츠 상세 조회
1126	금융/회계	회계	삼쩜삼	앱	계산기	카드 황금비율 계산하기	카드 소득 공제를 최대로 받을 수 있는 신용, 체크카드 사용 비율 계산
1127	금융/회계	회계	삼쩜삼	앱	계산기	연봉에 따른 실수령액 계산하기	연봉 입력 시 실 수령액 계산
1128	금융/회계	회계	삼쩜삼	앱	계산기	목표 연금에 따른 한달 저축금액 계산하기	사용자의 나이와 목표 연금, 연금 상품에 따른 한달 저축 필요 금액 계산
1129	금융/회계	회계	삼쩜삼	앱	계산기	은퇴 후 받을 연금 금액 계산하기	사용자의 나이와 목표 연금, 연금 상품에 따라 저축 시, 수령 금액 계산
1130	금융/회계	회계	삼쩜삼	앱	계산기	계산기 도움돼요 평가하기	계산기에 대해 도움돼요 평가
1131	금융/회계	회계	삼쩜삼	앱	계산기	계산기 아쉬워요 평가하기	계산기에 대해 아쉬워요 평가
1133	금융/회계	회계	삼쩜삼	앱	계산기	중소기업 청년 소득세 감면 조회하기	회사명을 검색하여 소득세 감면 대상 회사 여부 조회
1134	금융/회계	회계	삼쩜삼	앱	커뮤니티	세무 상담 신청하기	상담 카테고리를 선택하여 상담 신청
1135	금융/회계	회계	삼쩜삼	앱	커뮤니티	세무사 목록 조회하기	상담 가능한 세무사 리스트 조회
1136	금융/회계	회계	삼쩜삼	앱	커뮤니티	세무 문의 작성하기	상담 필요한 내용 작성하여 답변 요청
1137	금융/회계	회계	삼쩜삼	앱	커뮤니티	세무사와 채팅하기	문의된 내용을 바탕으로 세무사와 채팅하기
1138	금융/회계	회계	삼쩜삼	앱	커뮤니티	카테고리별 커뮤니티글 목록 조회하기	카테고리별로 분류된 하우머치 앱의 커뮤니티 글 리스트 조회
1139	금융/회계	회계	삼쩜삼	앱	커뮤니티	인기 커뮤니티글 목록 조회하기	하우머치 앱의 인기 커뮤니티 글 리스트 조회
1140	금융/회계	회계	삼쩜삼	앱	이벤트	가위바위보 이벤트하기	가위, 바위, 보 이벤트 참여, 당첨 시 선물 증정
1141	금융/회계	회계	삼쩜삼	앱	이벤트	친구 초대 이벤트하기	친구 초대에 성공할 때마다 커피 증정
1142	금융/회계	회계	삼쩜삼	앱	이벤트	친구 초대 내역 조회하기	친구 초대 내역, 받은 커피 내역 조회
1143	금융/회계	회계	삼쩜삼	앱	고객지원	FAQ 조회하기	FAQ 리스트 조회
1144	금융/회계	회계	삼쩜삼	앱	고객지원	FAQ 검색하기	키워드가 FAQ에 포함되는 FAQ 리스트 조회
1145	금융/회계	회계	삼쩜삼	앱	고객지원	공지사항 조회하기	공지사항 리스트 조회
1146	금융/회계	회계	삼쩜삼	앱	고객지원	1:1 채팅 문의하기	문의 항목을 선택하여 챗봇 문의
1147	금융/회계	회계	삼쩜삼	앱	고객지원	상담원 연결하기	상세 질문은 상담원 연결 문의
1148	금융/회계	회계	삼쩜삼	앱	고객지원	1:1 채팅 사진 첨부하기	문의 창에 사진 첨부하기
1149	금융/회계	회계	삼쩜삼	앱	고객지원	1:1 채팅 사진 촬영하기	문의 창에 첨부할 사진 촬영하기
1150	금융/회계	회계	삼쩜삼	앱	알림 설정	서비스 알림 켜기	서비스 알림 켜기
1151	금융/회계	회계	삼쩜삼	앱	알림 설정	서비스 알림 끄기	서비스 알림 끄기
1152	금융/회계	회계	삼쩜삼	앱	알림 설정	혜택 정보 알림 켜기	혜택 정보 알림 켜기
1153	금융/회계	회계	삼쩜삼	앱	알림 설정	혜택 정보 알림 끄기	혜택 정보 알림 끄기
1154	커뮤니티	SNS	Instagram	앱	Auth	이메일/휴대폰 번호로 회원 가입하기	이메일/휴대폰 번호로 회원 가입
1155	커뮤니티	SNS	Instagram	앱	Auth	페이스북 회원 가입하기	페이스북 정보를 연동하여 회원가입
1156	커뮤니티	SNS	Instagram	앱	Auth	비밀번호 재설정 링크 발송하기	전화번호, 이메일, 사용자 이름 입력 시 비밀번호 재설정 링크 발송
1157	커뮤니티	SNS	Instagram	앱	Auth	계정 비밀번호 변경하기	계정 비밀번호 변경
1158	커뮤니티	SNS	Instagram	앱	Auth	프로페셔널 대시보드 조회하기	프로페셔널 계정일 경우 추적된 성과 대시보드 조회
1159	커뮤니티	SNS	Instagram	앱	Auth	계정 추가하기	하나의 계정으로 로그인하여 여러 계정을 관리할 수 있게 계정 센터에 계정 추가하기
1160	커뮤니티	SNS	Instagram	앱	Auth	2단계 인증 설정하기	인증 앱, SMS, WhatsApp 중 하나를 선택하여 2단계 인증 설정하기
1161	커뮤니티	SNS	Instagram	앱	Auth	로그인 정보 저장하기	로그인 정보를 저장하여 재접속 시 로그인 정보를 입력하지 않아도 되게 하기
1162	커뮤니티	SNS	Instagram	앱	Auth	로그아웃하기	계정 로그아웃 하기
1163	커뮤니티	SNS	Instagram	앱	Auth	보안 경고하기	사용자의 연락처로 기기가 추가 및 삭제, 키가 변경될 경우 경고 알림 전송
1164	커뮤니티	SNS	Instagram	앱	Auth	계정 삭제하기	데이터까지 모두 영구삭제하여 계정 삭제
1165	커뮤니티	SNS	Instagram	앱	Auth	계정 비활성화하기	데이터는 남겨둔채 계정 일시적 비활성화
1166	커뮤니티	SNS	Instagram	앱	계정 관리	프로필 사진 업로드하기	계정 프로필 사진 업로드하여 설정하기
1167	커뮤니티	SNS	Instagram	앱	계정 관리	프로필 사진 촬영하기	계정 프로필 사진 촬영하여 설정하기
1168	커뮤니티	SNS	Instagram	앱	계정 관리	프로필 사진 삭제하기	계정 프로필 사진 삭제하기
1169	커뮤니티	SNS	Instagram	앱	계정 관리	프로필 아바타 만들기	계정의 아바타 프로필 생성하기
1170	커뮤니티	SNS	Instagram	앱	계정 관리	가입 날짜 조회하기	회원 가입 일자 조회하기
1171	커뮤니티	SNS	Instagram	앱	계정 관리	이전 사용자 이름 조회하기	프로필 이름 변경 히스토리 조회
1172	커뮤니티	SNS	Instagram	앱	계정 관리	이름 수정하기	프로필 이름 수정하기
1173	커뮤니티	SNS	Instagram	앱	계정 관리	사용자 이름 수정하기	프로필 아이디 수정하기
1174	커뮤니티	SNS	Instagram	앱	계정 관리	성별 설정하기	프로필 성별 설정하기
1175	커뮤니티	SNS	Instagram	앱	계정 관리	소개 작성하기	프로필 소개 작성하기
1176	커뮤니티	SNS	Instagram	앱	계정 관리	링크 추가하기	프로필 링크 연결하기
1177	커뮤니티	SNS	Instagram	앱	계정 관리	Threads 배지 표시하기	threads에 가입된 경우 계정 연결하여 프로필에 표시하기
1178	커뮤니티	SNS	Instagram	앱	계정 관리	여러 프로필에 공유하기	스토리와 게시물 업로드 시 함께 업로드될 계정 연결하기
1179	커뮤니티	SNS	Instagram	앱	계정 관리	Facebook 이벤트 초대 허용하기	fackbook에서 진행되는 이벤트 초대 허용하기
1180	커뮤니티	SNS	Instagram	앱	계정 관리	프로페셔널 계정 전환하기	프로페셔널 계정으로 전환
1181	커뮤니티	SNS	Instagram	앱	계정 관리	Meta verified 가입하기	인증배지 구독서비스 가입
1182	커뮤니티	SNS	Instagram	앱	계정 관리	Instagram 이용 시간 분석하기	사용자의 instagram 이용 시간 분석 대시보드 조회
1183	커뮤니티	SNS	Instagram	앱	계정 관리	기기 권한 설정하기	카메라, 연락처, 위치서비스, 마이크, 알림, 사진 권한 허용하기
1184	커뮤니티	SNS	Instagram	앱	계정 관리	친구 초대 하기	왓츠앱, sms, 이메일, 공유 링크를 통해 친구 초대 링크 발송
1185	커뮤니티	SNS	Instagram	앱	계정 관리	연락처 동기화하기	사용자 연락처와 동기화하여 친구 찾기
1186	커뮤니티	SNS	Instagram	앱	권한 설정	계정 비공개 설정하기	팔로우된 계정만 조회 가능하도록 비공개 설정하기
1187	커뮤니티	SNS	Instagram	앱	권한 설정	계정 공개 설정하기	모든 계정이 조회 가능하도록 공개 설정하기
1188	커뮤니티	SNS	Instagram	앱	권한 설정	계정 차단하기	해당 계정이 프로필, 게시물, 스토리를 볼 수 없게 차단하기
1189	커뮤니티	SNS	Instagram	앱	권한 설정	계정 목록보기	내 팔로우 계정 목록 조회
1190	커뮤니티	SNS	Instagram	앱	권한 설정	계정 검색하기	키워드를 사용자 이름에 포함하는 계정 목록 조회
1191	커뮤니티	SNS	Instagram	앱	권한 설정	차단된 계정 목록 보기	차단된 계정 리스트 조회
1192	커뮤니티	SNS	Instagram	앱	권한 설정	계정 제한하기	해당 계정이 사용자의 게시물에 댓글을 남길 경우 사용자와 해당 계정만 조회되게 댓글 차단하기
1193	커뮤니티	SNS	Instagram	앱	권한 설정	계정 일시 제한하기	팔로우하지 않는 계정이나 지난주부터 팔로우한 계정의 댓글 및 메시지 설정 기간만 제한하기
1194	커뮤니티	SNS	Instagram	앱	권한 설정	제한된 계정 목록 보기	제한된 계정 리스트 조회
1195	커뮤니티	SNS	Instagram	앱	권한 설정	계정 숨기기	해당 계정의 스토리나 게시물이 피드에서 보이지 않도록 숨기기
1196	커뮤니티	SNS	Instagram	앱	권한 설정	업데이트 보지 않도록 설정한 계정 목록보기	사용자가 업데이트 보지 않도록 설정한 계정 목록 조회
1197	커뮤니티	SNS	Instagram	앱	권한 설정	친한친구 계정 선택하기	친한 친구 리스트를 선택하여 스토리 큐레이팅하기
1198	커뮤니티	SNS	Instagram	앱	권한 설정	즐겨찾기 계정 선택하기	선택한 계정의 피드는 항상 피드 목록 상단에 표시하기
1199	커뮤니티	SNS	Instagram	앱	권한 설정	민감한 내용이 포함된 콘텐츠 필터링 강도 선택하기	더 많이 보기, 기본, 더 적게 보기 중 민감한 콘텐츠 필터링 강도 선택
1200	커뮤니티	SNS	Instagram	앱	권한 설정	피드에서 30일 동안 추천 게시물 숨기기	피드에서 30일 동안 추천 게시물 숨기기
1201	커뮤니티	SNS	Instagram	앱	권한 설정	좋아요 수 및 공유 수 숨기기	사용자의 피드 게시물 좋아요 및 공유 수 숨기기
1202	커뮤니티	SNS	Instagram	앱	권한 설정	가이드라인을 준수하지 않은 콘텐츠 조회하기	사용자의 게시물 중 가이드라인을 준수하지 않은 콘텐츠 조회
1203	커뮤니티	SNS	Instagram	앱	권한 설정	내 활동 상태 표시하기	타 사용자에게 앱의 마지막 활동 정보와 활동 상태를 표시
1204	커뮤니티	SNS	Instagram	앱	권한 설정	내 활동 상태 표시하지 않기	타 사용자에게 앱의 마지막 활동 정보와 활동 상태를 표시하지 않기
1205	커뮤니티	SNS	Instagram	앱	권한 설정	메시지 권한 설정하기	사용자에게 메시지 할 수 있는 계정 범위를 모든사람, 내가 팔로우한 사람, 허용 안 함 중 선택하기
1206	커뮤니티	SNS	Instagram	앱	권한 설정	태그 권한 설정하기	사용자를 태그 할 수 있는 계정 범위를 모든사람, 내가 팔로우한 사람, 허용 안 함 중 선택하기
1207	커뮤니티	SNS	Instagram	앱	권한 설정	언급 권한 설정하기	사용자를 언급 할 수 있는 계정 범위를 모든사람, 내가 팔로우한 사람, 허용 안 함 중 선택하기
1208	커뮤니티	SNS	Instagram	앱	권한 설정	원치 않는 단어 설정하기	원치 않는 단어 설정하기
1209	커뮤니티	SNS	Instagram	앱	권한 설정	원히 않는 단어가 담긴 댓글이나 메시지 숨기기	원치 않는 단어가 담긴 댓글이나 메시지를 숨기기
1210	커뮤니티	SNS	Instagram	앱	권한 설정	스팸 팔로워 필터링하기	스팸 가능성이 있는 계정이 팔로우할 경우 사용자 승인 절차를 진행하도록 설정
1211	커뮤니티	SNS	Instagram	앱	권한 설정	관리 감독 선택하기	만 14~18세인 자녀와 관리 감독 연결하기
1212	커뮤니티	SNS	Instagram	앱	알림 설정	모든 알림 중단하기	모든 알림 중단하기
1213	커뮤니티	SNS	Instagram	앱	알림 설정	알림 숨기기	설정한 시간과 요일에 알림 숨기기
1214	커뮤니티	SNS	Instagram	앱	알림 설정	팔로잉 요청 알림 수신하기	팔로잉 요청 알림 수신하기
1215	커뮤니티	SNS	Instagram	앱	알림 설정	팔로잉 요청 알림 거부하기	팔로잉 요청 알림 거부하기
1216	커뮤니티	SNS	Instagram	앱	알림 설정	계정 추천 알림 수신하기	계정 추천 알림 수신하기
1217	커뮤니티	SNS	Instagram	앱	알림 설정	계정 추천 알림 거부하기	계정 추천 알림 거부하기
1218	커뮤니티	SNS	Instagram	앱	알림 설정	내 언급 알림 수신하기	내 언급 알림 수신하기
1219	커뮤니티	SNS	Instagram	앱	알림 설정	내 언급 알림 거부하기	내 언급 알림 거부하기
1220	커뮤니티	SNS	Instagram	앱	알림 설정	좋아요 알림 수신하기	좋아요 알림 수신하기
1221	커뮤니티	SNS	Instagram	앱	알림 설정	좋아요 알림 거부하기	좋아요 알림 거부하기
1222	커뮤니티	SNS	Instagram	앱	알림 설정	내가 나온 사진 알림 수신하기	내가 나온 사진 알림 수신하기
1223	커뮤니티	SNS	Instagram	앱	알림 설정	내가 나온 사진 알림 거부하기	내가 나온 사진 알림 거부하기
1224	커뮤니티	SNS	Instagram	앱	알림 설정	댓글 알림 수신하기	댓글 알림 수신하기
1225	커뮤니티	SNS	Instagram	앱	알림 설정	댓글 알림 거부하기	댓글 알림 거부하기
1226	커뮤니티	SNS	Instagram	앱	알림 설정	메모 알림 수신하기	메모 알림 수신하기
1227	커뮤니티	SNS	Instagram	앱	알림 설정	메모 알림 거부하기	메모 알림 거부하기
1228	커뮤니티	SNS	Instagram	앱	알림 설정	메시지 알림 수신하기	메시지 알림 수신하기
1229	커뮤니티	SNS	Instagram	앱	알림 설정	메시지 알림 거부하기	메시지 알림 거부하기
1230	커뮤니티	SNS	Instagram	앱	알림 설정	이메일 알림 수신하기	이메일 알림 수신하기
1231	커뮤니티	SNS	Instagram	앱	알림 설정	이메일 알림 거부하기	이메일 알림 거부하기
1232	커뮤니티	SNS	Instagram	앱	알림 설정	추천 쇼핑 알림 수신하기	추천 쇼핑 알림 수신하기
1233	커뮤니티	SNS	Instagram	앱	알림 설정	추천 쇼핑 알림 거부하기	추천 쇼핑 알림 거부하기
1234	커뮤니티	SNS	Instagram	앱	알림 설정	휴식 알림 설정하기	앱 일정 시간 이용 시 휴식 알림 설정하기
1235	커뮤니티	SNS	Instagram	앱	알림 설정	일일 한도 설정하기	앱 일정 시간 이용 시 중단 알림 설정하기
1236	커뮤니티	SNS	Instagram	앱	피드 관리	팔로잉한 유저들의 피드 목록 조회하기	사용자가 팔로잉한 유저들의 최신 피드 목록 조회
1237	커뮤니티	SNS	Instagram	앱	피드 관리	게시물 상세 조회하기	피드 게시물 상세 조회
1238	커뮤니티	SNS	Instagram	앱	피드 관리	피드 저장하기	피드 저장하기
1239	커뮤니티	SNS	Instagram	앱	피드 관리	피드 QR 코드 만들기	피드 QR 코드 만들기
1240	커뮤니티	SNS	Instagram	앱	피드 관리	피드 업로드 계정 정보 조회하기	피드를 업로드한 계정 정보 조회
1241	커뮤니티	SNS	Instagram	앱	피드 관리	피드 숨기기	피드 숨기기
1242	커뮤니티	SNS	Instagram	앱	피드 관리	피드 신고하기	피드 신고하기
1243	커뮤니티	SNS	Instagram	앱	피드 관리	피드 표시 이유 조회하기	피드 표시 사유 조회
1244	커뮤니티	SNS	Instagram	앱	피드 관리	피드 업로드 계정 팔로우 취소하기	피드를 업로드한 계정 팔로우 취소
1245	커뮤니티	SNS	Instagram	앱	피드 관리	피드 좋아요 누르기	피드 좋아요 평가
1246	커뮤니티	SNS	Instagram	앱	피드 관리	피드 댓글 쓰기	피드 댓글 작성하기
1247	커뮤니티	SNS	Instagram	앱	피드 관리	피드 소리 켜기	피드 소리 켜기
1248	커뮤니티	SNS	Instagram	앱	피드 관리	피드 소리 끄기	피드 소리 끄기
1249	커뮤니티	SNS	Instagram	앱	피드 관리	피드 공유하기	피드 상세 링크 공유
1250	커뮤니티	SNS	Instagram	앱	피드 관리	피드 답글 쓰기	피드 답글 작성하기
1251	커뮤니티	SNS	Instagram	앱	피드 관리	피드 댓글 삭제하기	피드 댓글 삭제하기
1252	커뮤니티	SNS	Instagram	앱	피드 관리	피드 댓글 좋아요 평가하기	피드 댓글 좋아요 평가
1253	커뮤니티	SNS	Instagram	앱	피드 관리	피드 댓글에 GIF 남기기	피드 댓글에 GIF 업로드 하기
1254	커뮤니티	SNS	Instagram	앱	피드 관리	GIF 목록 조회하기	댓글에 작성할 수 있는 GIF 목록 조회하기
1255	커뮤니티	SNS	Instagram	앱	피드 관리	GIF 검색하기	키워드를 GIF 정보에 포함하는 GIF 검색하기
1256	커뮤니티	SNS	Instagram	앱	피드 관리	계정 프로필 조회하기	선택한 계정의 프로필 조회하기
1257	커뮤니티	SNS	Instagram	앱	피드 관리	계정 하이라이트 모아보기	선택한 계정의 하이라이트 조회하기
1258	커뮤니티	SNS	Instagram	앱	피드 관리	계정 피드 게시물 모아보기	선택한 계정의 피드 게시물 목록 조회하기
1259	커뮤니티	SNS	Instagram	앱	피드 관리	계정 피드 릴스 모아보기	선택한 계정의 릴스 목록 조회하기
1260	커뮤니티	SNS	Instagram	앱	피드 관리	계정 태그 게시물 모아보기	선택한 계정이 태그된 게시물 목록 조회하기
1261	커뮤니티	SNS	Instagram	앱	피드 관리	팔로워 목록 조회하기	계정의 팔로워 목록 조회
1262	커뮤니티	SNS	Instagram	앱	피드 관리	팔로잉 목록 조회하기	계정의 팔로잉 목록 조회
1263	커뮤니티	SNS	Instagram	앱	피드 관리	계정 팔로우 하기	선택한 계정 팔로우하기
1264	커뮤니티	SNS	Instagram	앱	피드 관리	계정 팔로우 취소하기	선택한 계정 언팔로우하기
1265	커뮤니티	SNS	Instagram	앱	피드 관리	계정 팔로워 취소하기	사용자의 팔로워 계정 중 선택한 팔로우 취소
1266	커뮤니티	SNS	Instagram	앱	피드 관리	계정 메시지 보내기	선택한 계정에 다이렉트 메시지 발송하기
1267	커뮤니티	SNS	Instagram	앱	피드 관리	계정 구독하기	선택한 계정 구독하기
1268	커뮤니티	SNS	Instagram	앱	피드 관리	계정 신고하기	선택한 계정 신고하기
1269	커뮤니티	SNS	Instagram	앱	피드 관리	저장된 게시물 목록 조회하기	사용자가 저장한 게시물 리스트 조회
1270	커뮤니티	SNS	Instagram	앱	피드 관리	저장된 게시물 컬렉션 생성하기	게시물 묶음 컬렉션 생성하기
1271	커뮤니티	SNS	Instagram	앱	피드 관리	저장된 게시물 상세 조회하기	컬렉션별 저장된 게시물 상세 조회
1272	커뮤니티	SNS	Instagram	앱	피드 관리	활동 모아보기	사용자의 댓글, 좋아요, 콘텐츠 모아보기
1273	커뮤니티	SNS	Instagram	앱	피드 관리	프로필 QR코드 만들기	계정 프로필 QR 코드 만들기
1274	커뮤니티	SNS	Instagram	앱	피드 관리	프로필 공유하기	계정 프로필 상세 링크 공유하기
1275	커뮤니티	SNS	Instagram	앱	피드 관리	프로필 URL 복사하기	계정 프로필 URL 복사하기
1276	커뮤니티	SNS	Instagram	앱	피드 관리	보관된 게시물 조회하기	사용자의 보관된 게시물 리스트 조회
1277	커뮤니티	SNS	Instagram	앱	스토리 관리	팔로잉한 유저들의 스토리 목록 조회하기	사용자가 팔로우한 계정의 스토리 리스트 조회
1278	커뮤니티	SNS	Instagram	앱	스토리 관리	스토리 상세 조회하기	스토리 상세 조회
1279	커뮤니티	SNS	Instagram	앱	스토리 관리	스토리 끄기	보고 있던 스토리 끄기
1280	커뮤니티	SNS	Instagram	앱	스토리 관리	스토리 메시지 보내기	스토리에 다이렉트 메시지 발송하기
1281	커뮤니티	SNS	Instagram	앱	스토리 관리	스토리 좋아요 누르기	스토리 좋아요 평가하기
1282	커뮤니티	SNS	Instagram	앱	스토리 관리	스토리 공유하기	스토리 상세 링크 공유하기
1283	커뮤니티	SNS	Instagram	앱	스토리 관리	스토리 신고하기	스토리 신고하기
1284	커뮤니티	SNS	Instagram	앱	스토리 관리	스토리 업로드 계정 팔로우 취소하기	스토리 업로드 계정 팔로우 취소하기
1285	커뮤니티	SNS	Instagram	앱	스토리 관리	스토리 넘어가기	스토리 오른쪽, 왼쪽 화면 터치를 통해 이전, 이후 스토리 조회하기
1286	커뮤니티	SNS	Instagram	앱	스토리 관리	스토리 업데이트 안 보기	해당 스토리 업로드 계정의 업데이트 스토리 보지 않기
1287	커뮤니티	SNS	Instagram	앱	스토리 관리	스토리 알림 설정하기	해당 스토리 업로드 계정의 스토리 알림 신청하기
1288	커뮤니티	SNS	Instagram	앱	스토리 관리	스토리 업로드 계정 정보 조회하기	해당 스토리 업로드 계정 정보 상세 조회하기
1289	커뮤니티	SNS	Instagram	앱	스토리 관리	하이라이트 추가하기	업로드 된 스토리들로 하이라이트 추가하기
1290	커뮤니티	SNS	Instagram	앱	스토리 관리	보관된 스토리 조회하기	보관된 스토리 리스트 조회
1291	커뮤니티	SNS	Instagram	앱	스토리 관리	하이라이트 커버 수정하기	하이라이트 커버 수정하기
1292	커뮤니티	SNS	Instagram	앱	스토리 관리	하이라이트 정보 등록하기	하이라이트 이름 정보 등록하기
1293	커뮤니티	SNS	Instagram	앱	스토리 관리	하이라이트 수정하기	커버 설정, 스토리 추가, 스토리 삭제, 이름 변경하여 수정하기
1294	커뮤니티	SNS	Instagram	앱	스토리 관리	하이라이트 삭제하기	하이라이트 삭제하기
1295	커뮤니티	SNS	Instagram	앱	스토리 관리	스토리 텍스트 쓰기	텍스트 크기, 정렬, 색깔, 폰트, 효과를 통해 스토리 꾸미기
1296	커뮤니티	SNS	Instagram	앱	스토리 관리	스토리 필터 선택하기	다양한 필터를 선택해서 스토리 꾸미기
1297	커뮤니티	SNS	Instagram	앱	스토리 관리	카테고리별 스토리 필터 조회하기	카테고리별로 분류된 필터 리스트 보기
1298	커뮤니티	SNS	Instagram	앱	스토리 관리	스토리 필터 검색하기	키워드를 필터명에 포함하는 필터 리스트 보기
1299	커뮤니티	SNS	Instagram	앱	스토리 관리	스토리 필터 저장하기	필터 저장하기
1300	커뮤니티	SNS	Instagram	앱	스토리 관리	저장된 스토리 필터 조회하기	사용자가 저장한 필터 리스트 보기
1301	커뮤니티	SNS	Instagram	앱	스토리 관리	스토리 그리기	펜 종류, 색깔, 굵기를 통해 스토리 꾸미기
1302	커뮤니티	SNS	Instagram	앱	스토리 관리	스토리 업로드하기	스토리 업로드 하기
1303	커뮤니티	SNS	Instagram	앱	라이브 관리	라이브 정보 작성하기	영상 제목, 시작 시간, 공개 대상을 설정하여 라이브 방송 예약하기
1304	커뮤니티	SNS	Instagram	앱	라이브 관리	라이브 시작하기	실시간 라이브 방송 시작하기
1305	커뮤니티	SNS	Instagram	앱	라이브 관리	보관된 라이브 방송 조회하기	보관된 라이브 방송 리스트 조회
1306	커뮤니티	SNS	Instagram	앱	메시지 관리	메시지 목록 조회하기	사용자의 다이렉트 메시지 대화목록 조회
1307	커뮤니티	SNS	Instagram	앱	메시지 관리	메모 목록 조회하기	사용자가 팔로우한 사용자들의 메모 리스트 조회
1308	커뮤니티	SNS	Instagram	앱	메시지 관리	메시지 내용 상세 조회하기	다이렉트 메시지 대화 상세 조회
1309	커뮤니티	SNS	Instagram	앱	메시지 관리	인스타그램 음성 통화하기	선택한 사용자와 인스타그램 음성 통화하기
1310	커뮤니티	SNS	Instagram	앱	메시지 관리	인스타그램 영상 통화하기	선택한 사용자와 인스타그램 영상 통화하기
1311	커뮤니티	SNS	Instagram	앱	메시지 관리	음성 메시지 보내기	다이렉트 메시지로 음성 메시지 발송
1312	커뮤니티	SNS	Instagram	앱	메시지 관리	앨범 사진 보내기	다이렉트 메시지로 사용자 갤러리내 사진 첨부 발송
1313	커뮤니티	SNS	Instagram	앱	메시지 관리	GIF 보내기	다이렉트 메시지로 GIF 발송
1314	커뮤니티	SNS	Instagram	앱	메시지 관리	답글 공감하기	다이렉트 메시지 대화 내 답글에 공감 평가하기
1315	커뮤니티	SNS	Instagram	앱	메시지 관리	답글 공유하기	다이렉트 메시지 대화 내 답글 공유하기
1316	커뮤니티	SNS	Instagram	앱	메시지 관리	답글 복사하기	다이렉트 메시지 대화 내 답글 내용 복사하기
1317	커뮤니티	SNS	Instagram	앱	메시지 관리	답글 신고하기	다이렉트 메시지 대화 내 답글 신고하기
1318	커뮤니티	SNS	Instagram	앱	메시지 관리	메시지 전송 취소하기	다이렉트 메시지 대화 내 발송한 메시지 삭제하기
1319	커뮤니티	SNS	Instagram	앱	검색	탐색 피드 목록 조회하기	사용자의 검색 경험에 맞게 구성된 탐색 피드 리스트 조회
1320	커뮤니티	SNS	Instagram	앱	검색	검색하기	키워드와 일치하는 추천, 계정, 오디오, 태그, 장소, 릴스 목록 조회
1321	커뮤니티	SNS	Instagram	앱	검색	검색 기록 조회하기	사용자의 검색 기록 조회
1322	커뮤니티	SNS	Instagram	앱	릴스 관리	릴스 보기	릴스 조회
1323	커뮤니티	SNS	Instagram	앱	릴스 관리	릴스 넘기기	위로 스와이프하여 다음 릴스로 조회
1324	커뮤니티	SNS	Instagram	앱	릴스 관리	릴스 좋아요 누르기	릴스 좋아요 평가
1325	커뮤니티	SNS	Instagram	앱	릴스 관리	릴스 댓글 쓰기	릴스에 댓글 작성
1326	커뮤니티	SNS	Instagram	앱	릴스 관리	릴스 공유하기	릴스 공유하기
1327	커뮤니티	SNS	Instagram	앱	릴스 관리	릴스 오디오 사용하기	릴스 오디오 사용하기
1328	커뮤니티	SNS	Instagram	앱	릴스 관리	릴스 오디오 공유하기	오디오 링크 공유
1329	커뮤니티	SNS	Instagram	앱	릴스 관리	릴스 오디오 저장하기	오디오 저장
1330	커뮤니티	SNS	Instagram	앱	릴스 관리	릴스 오디오 신고하기	오디오 신고
1331	커뮤니티	SNS	Instagram	앱	릴스 관리	릴스 오디오 QR코드 만들기	오디오 링크로 QR코드 제작
1332	커뮤니티	SNS	Instagram	앱	릴스 관리	릴스 오디오 URL 복사하기	오디오 URL 복사
1333	커뮤니티	SNS	Instagram	앱	릴스 관리	릴스 자동 생성하기	사용자의 갤러리에서 사진을 선정하여 자동 릴스 생성
1334	커뮤니티	SNS	Instagram	앱	릴스 관리	릴스 템플릿 목록 조회하기	타 사용자가 만든 릴스 템플릿 리스트 조회
1335	커뮤니티	SNS	Instagram	앱	릴스 관리	릴스 애니메이션 적용하기	릴스에 애니메이션 효과 적용
1336	커뮤니티	SNS	Instagram	앱	릴스 관리	릴스 동영상 수정하기	영상 편집 에디터를 통해 릴스 영상 수정하기
1337	커뮤니티	SNS	Instagram	앱	릴스 관리	릴스 업로드하기	릴스 업로드하기
1338	커뮤니티	SNS	Instagram	앱	게시물 관리	게시물 업로드 사진 선택하기	사용자의 갤러리에 있는 사진 조회
1339	커뮤니티	SNS	Instagram	앱	게시물 관리	게시물 업로드 사진 보정하기	필터를 이용해 사진 보정
1340	커뮤니티	SNS	Instagram	앱	게시물 관리	게시물 업로드 음악 목록보기	사용할 수 있는 음악 리스트 조회
1341	커뮤니티	SNS	Instagram	앱	게시물 관리	게시물 업로드 음악 추천하기	사용자의 특성에 맞는 음악 추천하기
1342	커뮤니티	SNS	Instagram	앱	게시물 관리	게시물 업로드 음악 검색하기	키워드를 음악명에 포함하는 음악 리스트 조회
1343	커뮤니티	SNS	Instagram	앱	게시물 관리	게시물 업로드 음악 선택하기	게시물, 스토리, 릴스 에 사용할 음악 선택하기
1344	커뮤니티	SNS	Instagram	앱	게시물 관리	게시물 업로드 문구 작성하기	게시물에 게시글 작성하기
1345	커뮤니티	SNS	Instagram	앱	게시물 관리	게시물 설문 추가하기	게시물에 설문 추가
1346	커뮤니티	SNS	Instagram	앱	게시물 관리	게시물 사람 태그하기	게시물에 타 사용자 태그하기
1347	커뮤니티	SNS	Instagram	앱	게시물 관리	게시물 공개 대상 설정하기	게시물 공개 대상을 모든 계정, 팔로워, 친한 친구 중 선택하기
1348	커뮤니티	SNS	Instagram	앱	게시물 관리	게시물 위치 추가하기	게시물에 위치 태그하기
1349	커뮤니티	SNS	Instagram	앱	게시물 관리	게시물 다른 Instagram 계정에 게시하기	다른 계정에 해당 게시물 함께 업로드하기
1350	커뮤니티	SNS	Instagram	앱	게시물 관리	게시물 업로드 페이스북 계정에 게시하기	페이스북 계정에 해당 게시물 함께 업로드하기
1351	커뮤니티	SNS	Instagram	앱	게시물 관리	게시물 좋아요 수 및 조회수 숨기기	해당 게시물의 좋아요 및 조회수 숨기기
1352	커뮤니티	SNS	Instagram	앱	게시물 관리	게시물 댓글 기능 해제하기	게시물 댓글 제한하기
1353	커뮤니티	SNS	Instagram	앱	게시물 관리	게시물 사진 대체 텍스트 작성하기	시각적 어려움이 있는 사람들을 위해 사진 별 대체 텍스트 작성하기
1354	커뮤니티	SNS	Instagram	앱	게시물 관리	게시물 사진 대체 텍스트 자동 작성하기	시각적 어려움이 있는 사람들을 위해 사진 별 대체 텍스트 자동 작성하기
1355	커뮤니티	SNS	Instagram	앱	게시물 관리	게시물 업로드 하기	게시물 업로드하기
1356	커뮤니티	SNS	Instagram	앱	게시물 관리	게시물 임시 저장하기	게시물 임시 저장하기
1357	커뮤니티	SNS	Instagram	앱	게시물 관리	게시물 삭제하기	업로드된 게시물 삭제하기
1358	커뮤니티	SNS	Instagram	앱	게시물 관리	게시물 보관하기	업로드된 게시물 보관하기
1359	커뮤니티	SNS	Instagram	앱	게시물 관리	게시물 릴스 만들기	업로드된 게시물 릴스 만들기
1360	커뮤니티	SNS	Instagram	앱	게시물 관리	게시물 고정하기	업로드된 게시물 최대 3개까지 상단 고정하기
1361	커뮤니티	SNS	Instagram	앱	게시물 관리	게시물 수정하기	사진 삭제, 사람 태그, 대체 텍스트 수정, 위치 추가, 게시 문구 변경하여 수정하기